Using pre-set license
Built from '2022.3/staging' branch; Version is '2022.3.4f1 (35713cd46cd7) revision 3502396'; Using compiler version '192829333'; Build Type 'Release'
OS: 'Windows 11  (10.0.22631) 64bit Professional' Language: 'ru' Physical Memory: 15571 MB
BatchMode: 1, IsHumanControllingUs: 0, StartBugReporterOnCrash: 0, Is64bit: 1, IsPro: 1

COMMAND LINE ARGUMENTS:
C:\Program Files\Unity\Hub\Editor\2022.3.4f1\Editor\Unity.exe
-adb2
-batchMode
-noUpm
-name
AssetImportWorker8
-projectPath
C:/Users/MrRent.ru/Desktop/repository/Game-420-NTO/NTO420
-logFile
Logs/AssetImportWorker8.log
-srvPort
51996
Successfully changed project path to: C:/Users/MrRent.ru/Desktop/repository/Game-420-NTO/NTO420
C:/Users/MrRent.ru/Desktop/repository/Game-420-NTO/NTO420
[UnityMemory] Configuration Parameters - Can be set up in boot.config
    "memorysetup-bucket-allocator-granularity=16"
    "memorysetup-bucket-allocator-bucket-count=8"
    "memorysetup-bucket-allocator-block-size=33554432"
    "memorysetup-bucket-allocator-block-count=8"
    "memorysetup-main-allocator-block-size=16777216"
    "memorysetup-thread-allocator-block-size=16777216"
    "memorysetup-gfx-main-allocator-block-size=16777216"
    "memorysetup-gfx-thread-allocator-block-size=16777216"
    "memorysetup-cache-allocator-block-size=4194304"
    "memorysetup-typetree-allocator-block-size=2097152"
    "memorysetup-profiler-bucket-allocator-granularity=16"
    "memorysetup-profiler-bucket-allocator-bucket-count=8"
    "memorysetup-profiler-bucket-allocator-block-size=33554432"
    "memorysetup-profiler-bucket-allocator-block-count=8"
    "memorysetup-profiler-allocator-block-size=16777216"
    "memorysetup-profiler-editor-allocator-block-size=1048576"
    "memorysetup-temp-allocator-size-main=16777216"
    "memorysetup-job-temp-allocator-block-size=2097152"
    "memorysetup-job-temp-allocator-block-size-background=1048576"
    "memorysetup-job-temp-allocator-reduction-small-platforms=262144"
    "memorysetup-allocator-temp-initial-block-size-main=262144"
    "memorysetup-allocator-temp-initial-block-size-worker=262144"
    "memorysetup-temp-allocator-size-background-worker=32768"
    "memorysetup-temp-allocator-size-job-worker=262144"
    "memorysetup-temp-allocator-size-preload-manager=33554432"
    "memorysetup-temp-allocator-size-nav-mesh-worker=65536"
    "memorysetup-temp-allocator-size-audio-worker=65536"
    "memorysetup-temp-allocator-size-cloud-worker=32768"
    "memorysetup-temp-allocator-size-gi-baking-worker=262144"
    "memorysetup-temp-allocator-size-gfx=262144"
Player connection [7896] Host "[IP] 172.19.166.26 [Port] 0 [Flags] 2 [Guid] 22771472 [EditorId] 22771472 [Version] 1048832 [Id] WindowsEditor(7,DESKTOP-8PBHM89) [Debug] 1 [PackageName] WindowsEditor [ProjectName] Editor" joined multi-casting on [225.0.0.222:54997]...

Player connection [7896] Host "[IP] 172.19.166.26 [Port] 0 [Flags] 2 [Guid] 22771472 [EditorId] 22771472 [Version] 1048832 [Id] WindowsEditor(7,DESKTOP-8PBHM89) [Debug] 1 [PackageName] WindowsEditor [ProjectName] Editor" joined alternative multi-casting on [225.0.0.222:34997]...

Refreshing native plugins compatible for Editor in 5.70 ms, found 3 plugins.
Preloading 0 native plugins for Editor in 0.00 ms.
Initialize engine version: 2022.3.4f1 (35713cd46cd7)
[Subsystems] Discovering subsystems at path C:/Program Files/Unity/Hub/Editor/2022.3.4f1/Editor/Data/Resources/UnitySubsystems
[Subsystems] Discovering subsystems at path C:/Users/MrRent.ru/Desktop/repository/Game-420-NTO/NTO420/Assets
GfxDevice: creating device client; threaded=0; jobified=0
Direct3D:
    Version:  Direct3D 11.0 [level 11.1]
    Renderer: NVIDIA GeForce RTX 4050 Laptop GPU (ID=0x28a1)
    Vendor:   NVIDIA
    VRAM:     5921 MB
    Driver:   32.0.15.6614
Initialize mono
Mono path[0] = 'C:/Program Files/Unity/Hub/Editor/2022.3.4f1/Editor/Data/Managed'
Mono path[1] = 'C:/Program Files/Unity/Hub/Editor/2022.3.4f1/Editor/Data/MonoBleedingEdge/lib/mono/unityjit-win32'
Mono config path = 'C:/Program Files/Unity/Hub/Editor/2022.3.4f1/Editor/Data/MonoBleedingEdge/etc'
Using monoOptions --debugger-agent=transport=dt_socket,embedding=1,server=y,suspend=n,address=127.0.0.1:56284
Begin MonoManager ReloadAssembly
Registering precompiled unity dll's ...
Register platform support module: C:/Program Files/Unity/Hub/Editor/2022.3.4f1/Editor/Data/PlaybackEngines/AndroidPlayer/UnityEditor.Android.Extensions.dll
Register platform support module: C:/Program Files/Unity/Hub/Editor/2022.3.4f1/Editor/Data/PlaybackEngines/WindowsStandaloneSupport/UnityEditor.WindowsStandalone.Extensions.dll
Registered in 0.006390 seconds.
- Loaded All Assemblies, in  0.260 seconds
Native extension for WindowsStandalone target not found
Native extension for Android target not found
Android Extension - Scanning For ADB Devices 251 ms
Mono: successfully reloaded assembly
- Finished resetting the current domain, in  0.530 seconds
Domain Reload Profiling: 789ms
	BeginReloadAssembly (71ms)
		ExecutionOrderSort (0ms)
		DisableScriptedObjects (0ms)
		BackupInstance (0ms)
		ReleaseScriptingObjects (0ms)
		CreateAndSetChildDomain (1ms)
	RebuildCommonClasses (26ms)
	RebuildNativeTypeToScriptingClass (8ms)
	initialDomainReloadingComplete (45ms)
	LoadAllAssembliesAndSetupDomain (109ms)
		LoadAssemblies (69ms)
		RebuildTransferFunctionScriptingTraits (0ms)
		AnalyzeDomain (105ms)
			TypeCache.Refresh (105ms)
				TypeCache.ScanAssembly (96ms)
			ScanForSourceGeneratedMonoScriptInfo (0ms)
			ResolveRequiredComponents (0ms)
	FinalizeReload (530ms)
		ReleaseScriptCaches (0ms)
		RebuildScriptCaches (0ms)
		SetupLoadedEditorAssemblies (484ms)
			LogAssemblyErrors (0ms)
			InitializePlatformSupportModulesInManaged (345ms)
			SetLoadedEditorAssemblies (3ms)
			RefreshPlugins (0ms)
			BeforeProcessingInitializeOnLoad (2ms)
			ProcessInitializeOnLoadAttributes (95ms)
			ProcessInitializeOnLoadMethodAttributes (38ms)
			AfterProcessingInitializeOnLoad (0ms)
			EditorAssembliesLoaded (0ms)
		ExecutionOrderSort2 (0ms)
		AwakeInstancesAfterBackupRestoration (0ms)
========================================================================
Worker process is ready to serve import requests
Begin MonoManager ReloadAssembly
Symbol file LoadedFromMemory doesn't match image C:\Users\MrRent.ru\Desktop\repository\Game-420-NTO\NTO420\Library\PackageCache\com.unity.visualscripting@1.8.0\Editor\VisualScripting.Core\Dependencies\YamlDotNet\Unity.VisualScripting.YamlDotNet.dll
Symbol file LoadedFromMemory doesn't match image C:\Users\MrRent.ru\Desktop\repository\Game-420-NTO\NTO420\Library\PackageCache\com.unity.visualscripting@1.8.0\Editor\VisualScripting.Core\Dependencies\DotNetZip\Unity.VisualScripting.IonicZip.dll
- Loaded All Assemblies, in  0.605 seconds
Refreshing native plugins compatible for Editor in 3.84 ms, found 3 plugins.
Native extension for WindowsStandalone target not found
Native extension for Android target not found
System.Exception: Error! Visual Scripting: couldn't find visual scripting package
  at Unity.VisualScripting.PackageVersionUtility.get_version () [0x00043] in .\Library\PackageCache\com.unity.visualscripting@1.8.0\Editor\VisualScripting.Core\Utilities\PackageVersionUtility.cs:31 
  at Unity.VisualScripting.BoltCoreManifest.get_version () [0x00000] in .\Library\PackageCache\com.unity.visualscripting@1.8.0\Editor\VisualScripting.Core\Plugin\BoltCoreManifest.cs:11 
  at Unity.VisualScripting.PluginManifest.get_currentVersion () [0x00000] in .\Library\PackageCache\com.unity.visualscripting@1.8.0\Editor\VisualScripting.Core\Plugins\PluginManifest.cs:33 
  at Unity.VisualScripting.PluginManifest.get_versionMismatch () [0x00000] in .\Library\PackageCache\com.unity.visualscripting@1.8.0\Editor\VisualScripting.Core\Plugins\PluginManifest.cs:48 
  at Unity.VisualScripting.PluginContainer.Initialize () [0x00525] in .\Library\PackageCache\com.unity.visualscripting@1.8.0\Editor\VisualScripting.Core\Plugins\PluginContainer.cs:208 
  at Unity.VisualScripting.PluginContainer.InitializeOnLoad () [0x00009] in .\Library\PackageCache\com.unity.visualscripting@1.8.0\Editor\VisualScripting.Core\Plugins\PluginContainer.cs:32 
  at Unity.VisualScripting.VSUsageUtility.DoInitializeOnLoadCalls () [0x00034] in .\Library\PackageCache\com.unity.visualscripting@1.8.0\Editor\VisualScripting.Core\Utilities\VSUsageUtility.cs:76 
  at Unity.VisualScripting.VSUsageUtility.set_isVisualScriptingUsed (System.Boolean value) [0x0002c] in .\Library\PackageCache\com.unity.visualscripting@1.8.0\Editor\VisualScripting.Core\Utilities\VSUsageUtility.cs:114 
  at Unity.VisualScripting.VSUsageUtility.CheckAndSetIsVisualScriptingUsed () [0x00032] in .\Library\PackageCache\com.unity.visualscripting@1.8.0\Editor\VisualScripting.Core\Utilities\VSUsageUtility.cs:48 
  at Unity.VisualScripting.VSUsageUtility..cctor () [0x00000] in .\Library\PackageCache\com.unity.visualscripting@1.8.0\Editor\VisualScripting.Core\Utilities\VSUsageUtility.cs:22 
UnityEngine.StackTraceUtility:ExtractStackTrace ()
UnityEngine.DebugLogHandler:LogFormat (UnityEngine.LogType,UnityEngine.Object,string,object[])
UnityEngine.Logger:Log (UnityEngine.LogType,object)
UnityEngine.Debug:LogError (object)
UnityEditor.EditorAssemblies:ProcessInitializeOnLoadAttributes (System.Type[])

Package Manager log level set to [2]
[Package Manager] Server::EnsureServerProcessIsRunning -- launch failed, reason: Unity was launched with the -noUpm command-line argument
[Package Manager] UpmClient::Send -- Unable to send message (not connected to UPM process).
[Package Manager] Cannot connect to Unity Package Manager local server
Mono: successfully reloaded assembly
- Finished resetting the current domain, in  0.888 seconds
Domain Reload Profiling: 1491ms
	BeginReloadAssembly (99ms)
		ExecutionOrderSort (0ms)
		DisableScriptedObjects (5ms)
		BackupInstance (0ms)
		ReleaseScriptingObjects (0ms)
		CreateAndSetChildDomain (20ms)
	RebuildCommonClasses (24ms)
	RebuildNativeTypeToScriptingClass (8ms)
	initialDomainReloadingComplete (32ms)
	LoadAllAssembliesAndSetupDomain (440ms)
		LoadAssemblies (228ms)
		RebuildTransferFunctionScriptingTraits (0ms)
		AnalyzeDomain (256ms)
			TypeCache.Refresh (236ms)
				TypeCache.ScanAssembly (224ms)
			ScanForSourceGeneratedMonoScriptInfo (16ms)
			ResolveRequiredComponents (4ms)
	FinalizeReload (888ms)
		ReleaseScriptCaches (0ms)
		RebuildScriptCaches (0ms)
		SetupLoadedEditorAssemblies (755ms)
			LogAssemblyErrors (0ms)
			InitializePlatformSupportModulesInManaged (18ms)
			SetLoadedEditorAssemblies (4ms)
			RefreshPlugins (0ms)
			BeforeProcessingInitializeOnLoad (60ms)
			ProcessInitializeOnLoadAttributes (615ms)
			ProcessInitializeOnLoadMethodAttributes (54ms)
			AfterProcessingInitializeOnLoad (4ms)
			EditorAssembliesLoaded (0ms)
		ExecutionOrderSort2 (0ms)
		AwakeInstancesAfterBackupRestoration (4ms)
Launched and connected shader compiler UnityShaderCompiler.exe after 0.04 seconds
Refreshing native plugins compatible for Editor in 2.58 ms, found 3 plugins.
Preloading 0 native plugins for Editor in 0.00 ms.
Unloading 4654 Unused Serialized files (Serialized files now loaded: 0)
Unloading 61 unused Assets / (1.6 MB). Loaded Objects now: 5132.
Memory consumption went from 187.2 MB to 185.6 MB.
Total: 13.766100 ms (FindLiveObjects: 0.392900 ms CreateObjectMapping: 0.224900 ms MarkObjects: 12.682100 ms  DeleteObjects: 0.464700 ms)

AssetImportParameters requested are different than current active one (requested -> active):
  custom:container-demuxer-ogg: 62fdf1f143b41e24485cea50d1cbac27 -> 
  custom:video-codec-MediaFoundation-h265: 746d11721c4dcdbdad8f713fa42b33f4 -> 
  custom:video-decoder-ogg-theora: a1e56fd34408186e4bbccfd4996cb3dc -> 
  custom:framework-win-MediaFoundation: 216162199b28c13a410421893ffa2e32 -> 
  custom:CustomObjectIndexerAttribute: 756ad292c208cfabdd7b50bc23989ffe -> 
  custom:container-demuxer-webm: 4f35f7cbe854078d1ac9338744f61a02 -> 
  custom:container-muxer-webm: aa71ff27fc2769a1b78a27578f13a17b -> 
  custom:video-decoder-webm-vp8: 9c59270c3fd7afecdb556c50c9e8de78 -> 
  custom:SearchIndexIgnoredProperties: e643bd26f0fe6173181afceb89e7c659 -> 
  custom:AudioImporter_EditorPlatform: d09bf68614088b80899f8185d706f6e7 -> 
  custom:video-encoder-webm-vp8: eb34c28f22e8b96e1ab97ce403110664 -> 
  custom:audio-decoder-ogg-vorbis: bf7c407c2cedff20999df2af8eb42d56 -> 
  custom:audio-encoder-webm-vorbis: bf7c407c2cedff20999df2af8eb42d56 -> 
========================================================================
Received Import Request.
  Time since last request: 7008.769214 seconds.
  path: Assets/Materials/colonist/textures 1person arms/1_normal.tga
  artifactKey: Guid(9082596f805bc1f49b5b6e2e05d4d833) Importer(815301076,1909f56bfc062723c751e8b465ee728b)
Start importing Assets/Materials/colonist/textures 1person arms/1_normal.tga using Guid(9082596f805bc1f49b5b6e2e05d4d833) Importer(815301076,1909f56bfc062723c751e8b465ee728b)  -> (artifact id: '737dcbdf7e7eded2ca678b4f4bec0985') in 0.108659 seconds
Number of updated asset objects reloaded before import = 0
Number of asset objects unloaded after import = 2
========================================================================
Received Import Request.
  Time since last request: 0.000023 seconds.
  path: Assets/Materials/colonist/textures 1person arms/1_opacity.tga
  artifactKey: Guid(cc8ebc960d295e840830a0b41e752653) Importer(815301076,1909f56bfc062723c751e8b465ee728b)
Start importing Assets/Materials/colonist/textures 1person arms/1_opacity.tga using Guid(cc8ebc960d295e840830a0b41e752653) Importer(815301076,1909f56bfc062723c751e8b465ee728b)  -> (artifact id: '693866477ed5993e70b7b7beab202b5d') in 0.016040 seconds
Number of updated asset objects reloaded before import = 0
Number of asset objects unloaded after import = 2
========================================================================
Received Import Request.
  Time since last request: 0.000017 seconds.
  path: Assets/Materials/1person_animation/1_opacity.tga
  artifactKey: Guid(da8639744ff55ad4494bb8deaf093ad3) Importer(815301076,1909f56bfc062723c751e8b465ee728b)
Start importing Assets/Materials/1person_animation/1_opacity.tga using Guid(da8639744ff55ad4494bb8deaf093ad3) Importer(815301076,1909f56bfc062723c751e8b465ee728b)  -> (artifact id: '4a0cc04f9e9830f0ce89757fd2bdc195') in 0.011052 seconds
Number of updated asset objects reloaded before import = 0
Number of asset objects unloaded after import = 2
========================================================================
Received Import Request.
  Time since last request: 0.000016 seconds.
  path: Assets/Prefabs/Player/1_roughness.tga
  artifactKey: Guid(b6ea55347deb46b4a8bb3a8cfc2670b9) Importer(815301076,1909f56bfc062723c751e8b465ee728b)
Start importing Assets/Prefabs/Player/1_roughness.tga using Guid(b6ea55347deb46b4a8bb3a8cfc2670b9) Importer(815301076,1909f56bfc062723c751e8b465ee728b)  -> (artifact id: 'f9eb0bd3570fe52e62c75e17725cd03f') in 0.028260 seconds
Number of updated asset objects reloaded before import = 0
Number of asset objects unloaded after import = 2
========================================================================
Received Import Request.
  Time since last request: 0.000022 seconds.
  path: Assets/Materials/colonist/textures 1person arms/2_heigth.tga
  artifactKey: Guid(c912b4effce277a45814f0bf6ebae495) Importer(815301076,1909f56bfc062723c751e8b465ee728b)
Start importing Assets/Materials/colonist/textures 1person arms/2_heigth.tga using Guid(c912b4effce277a45814f0bf6ebae495) Importer(815301076,1909f56bfc062723c751e8b465ee728b)  -> (artifact id: '507cbd7cd3e00d3b4043ea4507c6c83b') in 0.020455 seconds
Number of updated asset objects reloaded before import = 0
Number of asset objects unloaded after import = 2
========================================================================
Received Import Request.
  Time since last request: 0.000031 seconds.
  path: Assets/Prefabs/Player/2_heigth.tga
  artifactKey: Guid(d5d5979960197bd47a4f15fda90bd915) Importer(815301076,1909f56bfc062723c751e8b465ee728b)
Start importing Assets/Prefabs/Player/2_heigth.tga using Guid(d5d5979960197bd47a4f15fda90bd915) Importer(815301076,1909f56bfc062723c751e8b465ee728b)  -> (artifact id: 'bca45ef5211f99b55f4b96f59c9914ee') in 0.018908 seconds
Number of updated asset objects reloaded before import = 0
Number of asset objects unloaded after import = 2
========================================================================
Received Import Request.
  Time since last request: 0.005318 seconds.
  path: Assets/Materials/Bug_Boss/2_Metallic.tga
  artifactKey: Guid(9886fb6f47408b04783e6fa4df7cd480) Importer(815301076,1909f56bfc062723c751e8b465ee728b)
Start importing Assets/Materials/Bug_Boss/2_Metallic.tga using Guid(9886fb6f47408b04783e6fa4df7cd480) Importer(815301076,1909f56bfc062723c751e8b465ee728b)  -> (artifact id: '48fee396f2534a84fd25b17d89e068b9') in 0.028550 seconds
Number of updated asset objects reloaded before import = 0
Number of asset objects unloaded after import = 2
========================================================================
Received Import Request.
  Time since last request: 0.000017 seconds.
  path: Assets/Materials/Bug_Boss/2_Mixed_AO.tga
  artifactKey: Guid(11c4e2dbcffacc64ebe4da72a9374259) Importer(815301076,1909f56bfc062723c751e8b465ee728b)
Start importing Assets/Materials/Bug_Boss/2_Mixed_AO.tga using Guid(11c4e2dbcffacc64ebe4da72a9374259) Importer(815301076,1909f56bfc062723c751e8b465ee728b)  -> (artifact id: '0709089213cd2f6308be6415aec1b58f') in 0.026774 seconds
Number of updated asset objects reloaded before import = 0
Number of asset objects unloaded after import = 2
========================================================================
Received Import Request.
  Time since last request: 0.000015 seconds.
  path: Assets/Prefabs/Player/2_normal.tga
  artifactKey: Guid(5d9dbc154881ce242864e4c7cb908299) Importer(815301076,1909f56bfc062723c751e8b465ee728b)
Start importing Assets/Prefabs/Player/2_normal.tga using Guid(5d9dbc154881ce242864e4c7cb908299) Importer(815301076,1909f56bfc062723c751e8b465ee728b)  -> (artifact id: 'afcc927c9cdc58839aaf7081a3956c64') in 0.025500 seconds
Number of updated asset objects reloaded before import = 0
Number of asset objects unloaded after import = 2
========================================================================
Received Import Request.
  Time since last request: 0.000015 seconds.
  path: Assets/Materials/1person_animation/3_base_color.tga
  artifactKey: Guid(ddc446dff30c3314c83e77bb081edfcb) Importer(815301076,1909f56bfc062723c751e8b465ee728b)
Start importing Assets/Materials/1person_animation/3_base_color.tga using Guid(ddc446dff30c3314c83e77bb081edfcb) Importer(815301076,1909f56bfc062723c751e8b465ee728b)  -> (artifact id: '5258fe764a45f19374ec86dcea92baaa') in 0.026768 seconds
Number of updated asset objects reloaded before import = 0
Number of asset objects unloaded after import = 2
========================================================================
Received Import Request.
  Time since last request: 0.000085 seconds.
  path: Assets/Prefabs/Player/3_heigth.tga
  artifactKey: Guid(646bc475fa43fcc408848745a2b1e41a) Importer(815301076,1909f56bfc062723c751e8b465ee728b)
Start importing Assets/Prefabs/Player/3_heigth.tga using Guid(646bc475fa43fcc408848745a2b1e41a) Importer(815301076,1909f56bfc062723c751e8b465ee728b)  -> (artifact id: '4eee1b74e66e08c67c96f9aab22c1f83') in 0.025003 seconds
Number of updated asset objects reloaded before import = 0
Number of asset objects unloaded after import = 2
========================================================================
Received Import Request.
  Time since last request: 0.000020 seconds.
  path: Assets/Materials/Bug_Boss/2_Roughness.tga
  artifactKey: Guid(edf9e380122f1cb4a953a494083454c5) Importer(815301076,1909f56bfc062723c751e8b465ee728b)
Start importing Assets/Materials/Bug_Boss/2_Roughness.tga using Guid(edf9e380122f1cb4a953a494083454c5) Importer(815301076,1909f56bfc062723c751e8b465ee728b)  -> (artifact id: '7d4e8f169f53db346532f134e8378532') in 0.025799 seconds
Number of updated asset objects reloaded before import = 0
Number of asset objects unloaded after import = 2
========================================================================
Received Import Request.
  Time since last request: 0.000015 seconds.
  path: Assets/Materials/1person_animation/3_metallic.tga
  artifactKey: Guid(245583eecb7793a46942ea49102f0df3) Importer(815301076,1909f56bfc062723c751e8b465ee728b)
Start importing Assets/Materials/1person_animation/3_metallic.tga using Guid(245583eecb7793a46942ea49102f0df3) Importer(815301076,1909f56bfc062723c751e8b465ee728b)  -> (artifact id: 'f19a5684443372000ab4de4aef9a4f73') in 0.023798 seconds
Number of updated asset objects reloaded before import = 0
Number of asset objects unloaded after import = 2
========================================================================
Received Import Request.
  Time since last request: 0.000020 seconds.
  path: Assets/Materials/1person_animation/3_roughness.tga
  artifactKey: Guid(33b4bf8bf43d461429674786b5031301) Importer(815301076,1909f56bfc062723c751e8b465ee728b)
Start importing Assets/Materials/1person_animation/3_roughness.tga using Guid(33b4bf8bf43d461429674786b5031301) Importer(815301076,1909f56bfc062723c751e8b465ee728b)  -> (artifact id: '580ccc4087986bba2b591d12d8d63a2a') in 0.021424 seconds
Number of updated asset objects reloaded before import = 0
Number of asset objects unloaded after import = 2
========================================================================
Received Import Request.
  Time since last request: 0.000025 seconds.
  path: Assets/Materials/colonist/textures 1person arms/3_metallic.tga
  artifactKey: Guid(d4f4964240d866240b786e56cfb3c584) Importer(815301076,1909f56bfc062723c751e8b465ee728b)
Start importing Assets/Materials/colonist/textures 1person arms/3_metallic.tga using Guid(d4f4964240d866240b786e56cfb3c584) Importer(815301076,1909f56bfc062723c751e8b465ee728b)  -> (artifact id: 'b0db02582ba1fc7028f31a577a327892') in 0.012932 seconds
Number of updated asset objects reloaded before import = 0
Number of asset objects unloaded after import = 2
========================================================================
Received Import Request.
  Time since last request: 0.000017 seconds.
  path: Assets/Prefabs/Player/3_metallic.tga
  artifactKey: Guid(abc74b07bcee6cd49a4a42d593e68cfc) Importer(815301076,1909f56bfc062723c751e8b465ee728b)
Start importing Assets/Prefabs/Player/3_metallic.tga using Guid(abc74b07bcee6cd49a4a42d593e68cfc) Importer(815301076,1909f56bfc062723c751e8b465ee728b)  -> (artifact id: '4278a90ea55295e45fbc54e1aaad692e') in 0.011449 seconds
Number of updated asset objects reloaded before import = 0
Number of asset objects unloaded after import = 2
========================================================================
Received Import Request.
  Time since last request: 0.000016 seconds.
  path: Assets/Prefabs/Player/3_mixed_ao.tga
  artifactKey: Guid(52ba14a376cdd7c428197c0b4a9e3b5d) Importer(815301076,1909f56bfc062723c751e8b465ee728b)
Start importing Assets/Prefabs/Player/3_mixed_ao.tga using Guid(52ba14a376cdd7c428197c0b4a9e3b5d) Importer(815301076,1909f56bfc062723c751e8b465ee728b)  -> (artifact id: '0a1562bc69fec13751cf412d2fb8a50b') in 0.023223 seconds
Number of updated asset objects reloaded before import = 0
Number of asset objects unloaded after import = 2
========================================================================
Received Import Request.
  Time since last request: 0.000014 seconds.
  path: Assets/Materials/textures/3D Принтер/_Metal_Silver_1.jpg
  artifactKey: Guid(71b1f6b05ffd6f741ae1648c7b30ff9f) Importer(815301076,1909f56bfc062723c751e8b465ee728b)
Start importing Assets/Materials/textures/3D Принтер/_Metal_Silver_1.jpg using Guid(71b1f6b05ffd6f741ae1648c7b30ff9f) Importer(815301076,1909f56bfc062723c751e8b465ee728b)  -> (artifact id: 'cd03a8b826d5cdec4938a39a45c53797') in 0.025935 seconds
Number of updated asset objects reloaded before import = 0
Number of asset objects unloaded after import = 2
========================================================================
Received Import Request.
  Time since last request: 0.000017 seconds.
  path: Assets/UnityAssets/Honeti/FlatScifiGUI/Textures/Misc/ActionBarLineRight.png
  artifactKey: Guid(b77812173ce29cc4d83cbee249bf4bdc) Importer(815301076,1909f56bfc062723c751e8b465ee728b)
Start importing Assets/UnityAssets/Honeti/FlatScifiGUI/Textures/Misc/ActionBarLineRight.png using Guid(b77812173ce29cc4d83cbee249bf4bdc) Importer(815301076,1909f56bfc062723c751e8b465ee728b)  -> (artifact id: '849411ad97754b7c0448095b70eb4ec4') in 0.043506 seconds
Number of updated asset objects reloaded before import = 0
Number of asset objects unloaded after import = 3
========================================================================
Received Import Request.
  Time since last request: 0.000024 seconds.
  path: Assets/Materials/ahcd96qodmspspc3cacrk7ua12.png
  artifactKey: Guid(2860381e522316849a8cd27837d4c6cf) Importer(815301076,1909f56bfc062723c751e8b465ee728b)
Start importing Assets/Materials/ahcd96qodmspspc3cacrk7ua12.png using Guid(2860381e522316849a8cd27837d4c6cf) Importer(815301076,1909f56bfc062723c751e8b465ee728b)  -> (artifact id: '89528b4f9ebab2e6d880067158a1921f') in 0.029709 seconds
Number of updated asset objects reloaded before import = 0
Number of asset objects unloaded after import = 3
========================================================================
Received Import Request.
  Time since last request: 0.000019 seconds.
  path: Assets/Materials/textures/Лист металла/Aluminum.jpg
  artifactKey: Guid(8d9d7a2c9efccb84494ae59f0a94ace7) Importer(815301076,1909f56bfc062723c751e8b465ee728b)
Start importing Assets/Materials/textures/Лист металла/Aluminum.jpg using Guid(8d9d7a2c9efccb84494ae59f0a94ace7) Importer(815301076,1909f56bfc062723c751e8b465ee728b)  -> (artifact id: '699cf34cd984cdf01d21f8378e63925f') in 0.022095 seconds
Number of updated asset objects reloaded before import = 0
Number of asset objects unloaded after import = 2
========================================================================
Received Import Request.
  Time since last request: 0.000023 seconds.
  path: Assets/UnityAssets/Honeti/FlatScifiGUI/Textures/Misc/Avatar.png
  artifactKey: Guid(ec69b5ad75142764a8154479e4f859f8) Importer(815301076,1909f56bfc062723c751e8b465ee728b)
Start importing Assets/UnityAssets/Honeti/FlatScifiGUI/Textures/Misc/Avatar.png using Guid(ec69b5ad75142764a8154479e4f859f8) Importer(815301076,1909f56bfc062723c751e8b465ee728b)  -> (artifact id: '9493dcc019262acd325930cd7aea3c3e') in 0.031605 seconds
Number of updated asset objects reloaded before import = 0
Number of asset objects unloaded after import = 3
========================================================================
Received Import Request.
  Time since last request: 0.000020 seconds.
  path: Assets/UnityAssets/Honeti/FlatScifiGUI/Textures/Misc/AvatarBg.png
  artifactKey: Guid(4079bec389c01c14693cc23ebac39678) Importer(815301076,1909f56bfc062723c751e8b465ee728b)
Start importing Assets/UnityAssets/Honeti/FlatScifiGUI/Textures/Misc/AvatarBg.png using Guid(4079bec389c01c14693cc23ebac39678) Importer(815301076,1909f56bfc062723c751e8b465ee728b)  -> (artifact id: '0f1ce95f91be9038e84f47b2de6c8d91') in 0.034574 seconds
Number of updated asset objects reloaded before import = 0
Number of asset objects unloaded after import = 3
========================================================================
Received Import Request.
  Time since last request: 0.000028 seconds.
  path: Assets/DialogueEditor/Assets/DefaultSprites/BackingImage.png
  artifactKey: Guid(bf566e80557acbc45b9a695fcaa25327) Importer(815301076,1909f56bfc062723c751e8b465ee728b)
Start importing Assets/DialogueEditor/Assets/DefaultSprites/BackingImage.png using Guid(bf566e80557acbc45b9a695fcaa25327) Importer(815301076,1909f56bfc062723c751e8b465ee728b)  -> (artifact id: '37d23feb101b571268107ce8e1ee02ae') in 0.026787 seconds
Number of updated asset objects reloaded before import = 0
Number of asset objects unloaded after import = 3
========================================================================
Received Import Request.
  Time since last request: 0.000016 seconds.
  path: Assets/UnityAssets/Honeti/FlatScifiGUI/Textures/Panels/BadgeArrow.png
  artifactKey: Guid(e936eaaeed4a33745876c0158d4afe29) Importer(815301076,1909f56bfc062723c751e8b465ee728b)
Start importing Assets/UnityAssets/Honeti/FlatScifiGUI/Textures/Panels/BadgeArrow.png using Guid(e936eaaeed4a33745876c0158d4afe29) Importer(815301076,1909f56bfc062723c751e8b465ee728b)  -> (artifact id: '61f3f5a14846fa362b2aa7c2cfd1f9f8') in 0.028480 seconds
Number of updated asset objects reloaded before import = 0
Number of asset objects unloaded after import = 3
========================================================================
Received Import Request.
  Time since last request: 0.000018 seconds.
  path: Assets/Materials/textures/Прибор для улучшения семян/Aluminum.jpg
  artifactKey: Guid(da7f492fa54dbad4b975a9237ff25014) Importer(815301076,1909f56bfc062723c751e8b465ee728b)
Start importing Assets/Materials/textures/Прибор для улучшения семян/Aluminum.jpg using Guid(da7f492fa54dbad4b975a9237ff25014) Importer(815301076,1909f56bfc062723c751e8b465ee728b)  -> (artifact id: '2f8006e4a5750cfb602bf50a2c57857a') in 0.022066 seconds
Number of updated asset objects reloaded before import = 0
Number of asset objects unloaded after import = 2
========================================================================
Received Import Request.
  Time since last request: 0.000017 seconds.
  path: Assets/UnityAssets/Honeti/FlatScifiGUI/Textures/Bars/BarBgBigSlanted.png
  artifactKey: Guid(6b76c39363635a24db78bd4e81842861) Importer(815301076,1909f56bfc062723c751e8b465ee728b)
Start importing Assets/UnityAssets/Honeti/FlatScifiGUI/Textures/Bars/BarBgBigSlanted.png using Guid(6b76c39363635a24db78bd4e81842861) Importer(815301076,1909f56bfc062723c751e8b465ee728b)  -> (artifact id: '53cdee06641379ae27ac88ad5ac65414') in 0.024819 seconds
Number of updated asset objects reloaded before import = 0
Number of asset objects unloaded after import = 3
========================================================================
Received Import Request.
  Time since last request: 0.000018 seconds.
  path: Assets/UnityAssets/Honeti/FlatScifiGUI/Textures/Bars/BarBackLight.png
  artifactKey: Guid(01af933bff3ede741bf4fb4e98fc08db) Importer(815301076,1909f56bfc062723c751e8b465ee728b)
Start importing Assets/UnityAssets/Honeti/FlatScifiGUI/Textures/Bars/BarBackLight.png using Guid(01af933bff3ede741bf4fb4e98fc08db) Importer(815301076,1909f56bfc062723c751e8b465ee728b)  -> (artifact id: '2376e70fb2548b87fa929e6295698e0a') in 0.029929 seconds
Number of updated asset objects reloaded before import = 0
Number of asset objects unloaded after import = 3
========================================================================
Received Import Request.
  Time since last request: 0.000034 seconds.
  path: Assets/Materials/Интерьер/Сундук/Сундук/Aluminum.jpg
  artifactKey: Guid(a07b4a6dea3e8b04ca11e60150338b24) Importer(815301076,1909f56bfc062723c751e8b465ee728b)
Start importing Assets/Materials/Интерьер/Сундук/Сундук/Aluminum.jpg using Guid(a07b4a6dea3e8b04ca11e60150338b24) Importer(815301076,1909f56bfc062723c751e8b465ee728b)  -> (artifact id: 'b5d9cffc58558af2948f5821330d003e') in 0.017331 seconds
Number of updated asset objects reloaded before import = 0
Number of asset objects unloaded after import = 2
========================================================================
Received Import Request.
  Time since last request: 0.013094 seconds.
  path: Assets/UnityAssets/Honeti/FlatScifiGUI/Textures/Bars/BarFillParts.png
  artifactKey: Guid(72c722e0e3c657648b1b121e0c9c685a) Importer(815301076,1909f56bfc062723c751e8b465ee728b)
Start importing Assets/UnityAssets/Honeti/FlatScifiGUI/Textures/Bars/BarFillParts.png using Guid(72c722e0e3c657648b1b121e0c9c685a) Importer(815301076,1909f56bfc062723c751e8b465ee728b)  -> (artifact id: 'eeb5ec0f2ccc47bb3d7a81f7a56a2a41') in 0.030822 seconds
Number of updated asset objects reloaded before import = 0
Number of asset objects unloaded after import = 3
========================================================================
Received Import Request.
  Time since last request: 0.000018 seconds.
  path: Assets/UnityAssets/Honeti/FlatScifiGUI/Textures/Bars/BarFillSlanted.png
  artifactKey: Guid(69beb7c13a216f641a9675f34456a9d9) Importer(815301076,1909f56bfc062723c751e8b465ee728b)
Start importing Assets/UnityAssets/Honeti/FlatScifiGUI/Textures/Bars/BarFillSlanted.png using Guid(69beb7c13a216f641a9675f34456a9d9) Importer(815301076,1909f56bfc062723c751e8b465ee728b)  -> (artifact id: '192a2c9726776d98e356454ea7afdc72') in 0.020803 seconds
Number of updated asset objects reloaded before import = 0
Number of asset objects unloaded after import = 3
========================================================================
Received Import Request.
  Time since last request: 0.011872 seconds.
  path: Assets/UnityAssets/Data/Sci-fi_assets/Sci-Fi Old rusty props PBR/Data/Textures/Containers/Big_storage_Containers_PAINT_Material _27_MetallicSmoothness.png
  artifactKey: Guid(d8d6302defa76034192de7ff7fd5d7fd) Importer(815301076,1909f56bfc062723c751e8b465ee728b)
Start importing Assets/UnityAssets/Data/Sci-fi_assets/Sci-Fi Old rusty props PBR/Data/Textures/Containers/Big_storage_Containers_PAINT_Material _27_MetallicSmoothness.png using Guid(d8d6302defa76034192de7ff7fd5d7fd) Importer(815301076,1909f56bfc062723c751e8b465ee728b)  -> (artifact id: '59af0d563701bf4e525ac945c4484bd2') in 0.096582 seconds
Number of updated asset objects reloaded before import = 0
Number of asset objects unloaded after import = 2
========================================================================
Received Import Request.
  Time since last request: 0.000018 seconds.
  path: Assets/UnityAssets/Honeti/FlatScifiGUI/Textures/Buttons/ButtonStroke.png
  artifactKey: Guid(c9d707716ceb309418355c7850a124e2) Importer(815301076,1909f56bfc062723c751e8b465ee728b)
Start importing Assets/UnityAssets/Honeti/FlatScifiGUI/Textures/Buttons/ButtonStroke.png using Guid(c9d707716ceb309418355c7850a124e2) Importer(815301076,1909f56bfc062723c751e8b465ee728b)  -> (artifact id: 'a5db1e0414a07557176ec8e32243fd6c') in 0.027437 seconds
Number of updated asset objects reloaded before import = 0
Number of asset objects unloaded after import = 3
========================================================================
Received Import Request.
  Time since last request: 0.000018 seconds.
  path: Assets/UnityAssets/Honeti/FlatScifiGUI/Textures/Panels/BubbleHolderRight.png
  artifactKey: Guid(1fda242402b13044d9b8ac53e0840acf) Importer(815301076,1909f56bfc062723c751e8b465ee728b)
Start importing Assets/UnityAssets/Honeti/FlatScifiGUI/Textures/Panels/BubbleHolderRight.png using Guid(1fda242402b13044d9b8ac53e0840acf) Importer(815301076,1909f56bfc062723c751e8b465ee728b)  -> (artifact id: 'c9d3ab99cfcce1fdbdfeef0f5b54cfc4') in 0.021780 seconds
Number of updated asset objects reloaded before import = 0
Number of asset objects unloaded after import = 3
========================================================================
Received Import Request.
  Time since last request: 0.000023 seconds.
  path: Assets/UnityAssets/Honeti/FlatScifiGUI/Textures/Bars/BubbleGradient.png
  artifactKey: Guid(43f730cecda45444195663c6f38283b6) Importer(815301076,1909f56bfc062723c751e8b465ee728b)
Start importing Assets/UnityAssets/Honeti/FlatScifiGUI/Textures/Bars/BubbleGradient.png using Guid(43f730cecda45444195663c6f38283b6) Importer(815301076,1909f56bfc062723c751e8b465ee728b)  -> (artifact id: '4a117294f5db149f2d897aa9fd1cb532') in 0.035607 seconds
Number of updated asset objects reloaded before import = 0
Number of asset objects unloaded after import = 3
========================================================================
Received Import Request.
  Time since last request: 0.000021 seconds.
  path: Assets/UnityAssets/Honeti/FlatScifiGUI/Textures/Panels/BubbleHolderLeft.png
  artifactKey: Guid(237478c7d1b50a646bbfefe62ff64760) Importer(815301076,1909f56bfc062723c751e8b465ee728b)
Start importing Assets/UnityAssets/Honeti/FlatScifiGUI/Textures/Panels/BubbleHolderLeft.png using Guid(237478c7d1b50a646bbfefe62ff64760) Importer(815301076,1909f56bfc062723c751e8b465ee728b)  -> (artifact id: '165ee7432c33ca9e33b4cecaf0d3a506') in 0.023355 seconds
Number of updated asset objects reloaded before import = 0
Number of asset objects unloaded after import = 3
========================================================================
Received Import Request.
  Time since last request: 0.000029 seconds.
  path: Assets/UnityAssets/Honeti/FlatScifiGUI/Textures/Misc/BubbleHolderLineRight.png
  artifactKey: Guid(911d6d3fbe4ca48429c3428488cd5b97) Importer(815301076,1909f56bfc062723c751e8b465ee728b)
Start importing Assets/UnityAssets/Honeti/FlatScifiGUI/Textures/Misc/BubbleHolderLineRight.png using Guid(911d6d3fbe4ca48429c3428488cd5b97) Importer(815301076,1909f56bfc062723c751e8b465ee728b)  -> (artifact id: '3a741baf88def6ca52ca18cdbb00d4bb') in 0.024781 seconds
Number of updated asset objects reloaded before import = 0
Number of asset objects unloaded after import = 3
========================================================================
Received Import Request.
  Time since last request: 0.000033 seconds.
  path: Assets/UnityAssets/ScifiOfficeLite/Meshes/Textures/Environment/Ground/Carpet/Carpet 2_Diffuse.png
  artifactKey: Guid(80f847752e3194946af0a46d9247c0b8) Importer(815301076,1909f56bfc062723c751e8b465ee728b)
Start importing Assets/UnityAssets/ScifiOfficeLite/Meshes/Textures/Environment/Ground/Carpet/Carpet 2_Diffuse.png using Guid(80f847752e3194946af0a46d9247c0b8) Importer(815301076,1909f56bfc062723c751e8b465ee728b)  -> (artifact id: 'bda839db252c7e0148aa1c3100e188e2') in 0.037878 seconds
Number of updated asset objects reloaded before import = 0
Number of asset objects unloaded after import = 2
========================================================================
Received Import Request.
  Time since last request: 121.224734 seconds.
  path: Assets/Materials/IMG_27211.PNG
  artifactKey: Guid(b9c29ae3bc54ae74e96eabd82fed5174) Importer(815301076,1909f56bfc062723c751e8b465ee728b)
Start importing Assets/Materials/IMG_27211.PNG using Guid(b9c29ae3bc54ae74e96eabd82fed5174) Importer(815301076,1909f56bfc062723c751e8b465ee728b)  -> (artifact id: '0b06fee5a3d5f6e8e98dbdd17593381b') in 0.029741 seconds
Number of updated asset objects reloaded before import = 0
Number of asset objects unloaded after import = 3
========================================================================
Received Import Request.
  Time since last request: 0.000018 seconds.
  path: Assets/Materials/testMat.mat
  artifactKey: Guid(e580e81258cf480458c67c1afe4ef9cc) Importer(815301076,1909f56bfc062723c751e8b465ee728b)
Start importing Assets/Materials/testMat.mat using Guid(e580e81258cf480458c67c1afe4ef9cc) Importer(815301076,1909f56bfc062723c751e8b465ee728b)  -> (artifact id: 'ef81ee07807d80de08ce2e5eeb236ef1') in 0.059356 seconds
Number of updated asset objects reloaded before import = 0
Number of asset objects unloaded after import = 1
========================================================================
Received Import Request.
  Time since last request: 0.000061 seconds.
  path: Assets/Materials/Wax.mat
  artifactKey: Guid(4779124d7c50c754d8e11f5595e0c24a) Importer(815301076,1909f56bfc062723c751e8b465ee728b)
Start importing Assets/Materials/Wax.mat using Guid(4779124d7c50c754d8e11f5595e0c24a) Importer(815301076,1909f56bfc062723c751e8b465ee728b)  -> (artifact id: '7b8b2d268a701389fd2867bcea4dc4fd') in 0.023931 seconds
Number of updated asset objects reloaded before import = 0
Number of asset objects unloaded after import = 1
========================================================================
Received Import Request.
  Time since last request: 20.823497 seconds.
  path: Assets/UnityAssets/ScifiOfficeLite/Meshes/Textures/Environment/Chair set/Chair Set _Maskmap.png
  artifactKey: Guid(f611f51936f9435478edbfe05dca2ae6) Importer(815301076,1909f56bfc062723c751e8b465ee728b)
Start importing Assets/UnityAssets/ScifiOfficeLite/Meshes/Textures/Environment/Chair set/Chair Set _Maskmap.png using Guid(f611f51936f9435478edbfe05dca2ae6) Importer(815301076,1909f56bfc062723c751e8b465ee728b)  -> (artifact id: '6ca31f346b8157cd7500b63e9625dc3c') in 0.027890 seconds
Number of updated asset objects reloaded before import = 0
Number of asset objects unloaded after import = 2
========================================================================
Received Import Request.
  Time since last request: 0.000017 seconds.
  path: Assets/UnityAssets/ScifiOfficeLite/Meshes/Textures/Environment/Chair set/Type 2/Chair Set T2_Height.png
  artifactKey: Guid(415a0de9131268049997038edabad413) Importer(815301076,1909f56bfc062723c751e8b465ee728b)
Start importing Assets/UnityAssets/ScifiOfficeLite/Meshes/Textures/Environment/Chair set/Type 2/Chair Set T2_Height.png using Guid(415a0de9131268049997038edabad413) Importer(815301076,1909f56bfc062723c751e8b465ee728b)  -> (artifact id: 'a03d301f95cde55258d26f3aedff1f4a') in 0.023712 seconds
Number of updated asset objects reloaded before import = 0
Number of asset objects unloaded after import = 2
========================================================================
Received Import Request.
  Time since last request: 0.000018 seconds.
  path: Assets/UnityAssets/ScifiOfficeLite/Meshes/Textures/Environment/Chair set/Type 2/Chair Set T2_Normal.png
  artifactKey: Guid(837d1e880ba7c194fb6455c2e623be88) Importer(815301076,1909f56bfc062723c751e8b465ee728b)
Start importing Assets/UnityAssets/ScifiOfficeLite/Meshes/Textures/Environment/Chair set/Type 2/Chair Set T2_Normal.png using Guid(837d1e880ba7c194fb6455c2e623be88) Importer(815301076,1909f56bfc062723c751e8b465ee728b)  -> (artifact id: '05d793cf91a05e369c656b912264fb86') in 0.030625 seconds
Number of updated asset objects reloaded before import = 0
Number of asset objects unloaded after import = 2
========================================================================
Received Import Request.
  Time since last request: 0.000022 seconds.
  path: Assets/UnityAssets/ScifiOfficeLite/Meshes/Textures/Environment/Chair set/Type 2/Chair Set T2_Diffuse.png
  artifactKey: Guid(b7d092ddcdafe1749837e0bdd0e46e26) Importer(815301076,1909f56bfc062723c751e8b465ee728b)
Start importing Assets/UnityAssets/ScifiOfficeLite/Meshes/Textures/Environment/Chair set/Type 2/Chair Set T2_Diffuse.png using Guid(b7d092ddcdafe1749837e0bdd0e46e26) Importer(815301076,1909f56bfc062723c751e8b465ee728b)  -> (artifact id: '81e91f0f6d211d09ca9da7b7797eb0aa') in 0.023881 seconds
Number of updated asset objects reloaded before import = 0
Number of asset objects unloaded after import = 2
========================================================================
Received Import Request.
  Time since last request: 0.000019 seconds.
  path: Assets/UnityAssets/ScifiOfficeLite/Meshes/Textures/Environment/Chair set/Type 2/Chair Set T2_Maskmap.png
  artifactKey: Guid(c46819709275f2b45a12ed860725e6e1) Importer(815301076,1909f56bfc062723c751e8b465ee728b)
Start importing Assets/UnityAssets/ScifiOfficeLite/Meshes/Textures/Environment/Chair set/Type 2/Chair Set T2_Maskmap.png using Guid(c46819709275f2b45a12ed860725e6e1) Importer(815301076,1909f56bfc062723c751e8b465ee728b)  -> (artifact id: 'e1b1cd85103676614f328e956d1107e3') in 0.028554 seconds
Number of updated asset objects reloaded before import = 0
Number of asset objects unloaded after import = 2
========================================================================
Received Import Request.
  Time since last request: 0.305991 seconds.
  path: Assets/UnityAssets/ScifiOfficeLite/Meshes/Textures/Control Panel/Control Panel Table_Height.png
  artifactKey: Guid(d0bb7f64cbfb31b48ab4f200c800de26) Importer(815301076,1909f56bfc062723c751e8b465ee728b)
Start importing Assets/UnityAssets/ScifiOfficeLite/Meshes/Textures/Control Panel/Control Panel Table_Height.png using Guid(d0bb7f64cbfb31b48ab4f200c800de26) Importer(815301076,1909f56bfc062723c751e8b465ee728b)  -> (artifact id: 'a7f50fcc73f6ba0077f85f2aa8e7379d') in 0.052292 seconds
Number of updated asset objects reloaded before import = 0
Number of asset objects unloaded after import = 2
========================================================================
Received Import Request.
  Time since last request: 0.000031 seconds.
  path: Assets/Enviroment/Textures/Debris/Debris_MaskMap.png
  artifactKey: Guid(ea8b2d5a410529540b140778365e2bf0) Importer(815301076,1909f56bfc062723c751e8b465ee728b)
Start importing Assets/Enviroment/Textures/Debris/Debris_MaskMap.png using Guid(ea8b2d5a410529540b140778365e2bf0) Importer(815301076,1909f56bfc062723c751e8b465ee728b)  -> (artifact id: '8130c2f19d5e99b6fe9dd3a9ca790b47') in 0.026348 seconds
Number of updated asset objects reloaded before import = 0
Number of asset objects unloaded after import = 2
========================================================================
Received Import Request.
  Time since last request: 0.000071 seconds.
  path: Assets/Enviroment/Textures/Debris/Debrisl_BaseMap.png
  artifactKey: Guid(acf09f6b8ea48d64a8b84c86324910b0) Importer(815301076,1909f56bfc062723c751e8b465ee728b)
Start importing Assets/Enviroment/Textures/Debris/Debrisl_BaseMap.png using Guid(acf09f6b8ea48d64a8b84c86324910b0) Importer(815301076,1909f56bfc062723c751e8b465ee728b)  -> (artifact id: 'e8cc2cada42d76a28a041c57e48ed52a') in 0.020421 seconds
Number of updated asset objects reloaded before import = 0
Number of asset objects unloaded after import = 2
========================================================================
Received Import Request.
  Time since last request: 0.000020 seconds.
  path: Assets/Materials/flower/default_normal.tga
  artifactKey: Guid(8b2a1399e41a84444b8d0dc6d7a0fd16) Importer(815301076,1909f56bfc062723c751e8b465ee728b)
Start importing Assets/Materials/flower/default_normal.tga using Guid(8b2a1399e41a84444b8d0dc6d7a0fd16) Importer(815301076,1909f56bfc062723c751e8b465ee728b)  -> (artifact id: '46ddfc8e8c43e2103eb9def92f7367f6') in 0.027293 seconds
Number of updated asset objects reloaded before import = 0
Number of asset objects unloaded after import = 2
========================================================================
Received Import Request.
  Time since last request: 0.000026 seconds.
  path: Assets/UnityAssets/ScifiOfficeLite/Meshes/Textures/Environment/Ground/Carpet/Door Mat_Maskmap.png
  artifactKey: Guid(df16961d24522094d883fac3271a5879) Importer(815301076,1909f56bfc062723c751e8b465ee728b)
Start importing Assets/UnityAssets/ScifiOfficeLite/Meshes/Textures/Environment/Ground/Carpet/Door Mat_Maskmap.png using Guid(df16961d24522094d883fac3271a5879) Importer(815301076,1909f56bfc062723c751e8b465ee728b)  -> (artifact id: '82430998fca01ff87e801f11ee61a7a5') in 0.051647 seconds
Number of updated asset objects reloaded before import = 0
Number of asset objects unloaded after import = 2
========================================================================
Received Import Request.
  Time since last request: 0.000035 seconds.
  path: Assets/UnityAssets/_Creepy_Cat/New_terrain/Terrain_A/Detail_Diffuse.png
  artifactKey: Guid(a840aff1131ab9c43823a0f2d158dfa0) Importer(815301076,1909f56bfc062723c751e8b465ee728b)
Start importing Assets/UnityAssets/_Creepy_Cat/New_terrain/Terrain_A/Detail_Diffuse.png using Guid(a840aff1131ab9c43823a0f2d158dfa0) Importer(815301076,1909f56bfc062723c751e8b465ee728b)  -> (artifact id: '46b699a98cdeb02c28f156803eda8b3f') in 0.023899 seconds
Number of updated asset objects reloaded before import = 0
Number of asset objects unloaded after import = 2
========================================================================
Received Import Request.
  Time since last request: 0.000021 seconds.
  path: Assets/Materials/flower/default_normal_opengl.tga
  artifactKey: Guid(e0770e4eb1ccdde45bf18da7d467660b) Importer(815301076,1909f56bfc062723c751e8b465ee728b)
Start importing Assets/Materials/flower/default_normal_opengl.tga using Guid(e0770e4eb1ccdde45bf18da7d467660b) Importer(815301076,1909f56bfc062723c751e8b465ee728b)  -> (artifact id: 'a516e44525ce2ad33d0a3c7d8ce959e1') in 0.032433 seconds
Number of updated asset objects reloaded before import = 0
Number of asset objects unloaded after import = 2
========================================================================
Received Import Request.
  Time since last request: 0.000017 seconds.
  path: Assets/UnityAssets/ScifiOfficeLite/Meshes/Textures/Environment/Ground/Carpet/Door Mat_Diffuse.png
  artifactKey: Guid(d06e81a068524944790b02d6598f0013) Importer(815301076,1909f56bfc062723c751e8b465ee728b)
Start importing Assets/UnityAssets/ScifiOfficeLite/Meshes/Textures/Environment/Ground/Carpet/Door Mat_Diffuse.png using Guid(d06e81a068524944790b02d6598f0013) Importer(815301076,1909f56bfc062723c751e8b465ee728b)  -> (artifact id: '5ad83e9e9e10b2a9e0ca18d757dd9e91') in 0.034664 seconds
Number of updated asset objects reloaded before import = 0
Number of asset objects unloaded after import = 2
========================================================================
Received Import Request.
  Time since last request: 0.000032 seconds.
  path: Assets/UnityAssets/ScifiOfficeLite/Meshes/Textures/Environment/Table texture set/Table Props/crates  AO.png
  artifactKey: Guid(32676eeed124d0f4c8b42f23d01d79dd) Importer(815301076,1909f56bfc062723c751e8b465ee728b)
Start importing Assets/UnityAssets/ScifiOfficeLite/Meshes/Textures/Environment/Table texture set/Table Props/crates  AO.png using Guid(32676eeed124d0f4c8b42f23d01d79dd) Importer(815301076,1909f56bfc062723c751e8b465ee728b)  -> (artifact id: 'dd2ee0201e5acdd5415d1e065bf83772') in 0.024214 seconds
Number of updated asset objects reloaded before import = 0
Number of asset objects unloaded after import = 2
========================================================================
Received Import Request.
  Time since last request: 0.492157 seconds.
  path: Assets/UnityAssets/Honeti/FlatScifiGUI/Textures/Panels/DropdownOpen.png
  artifactKey: Guid(839eaa9705ecb2848b8972a7b1d68099) Importer(815301076,1909f56bfc062723c751e8b465ee728b)
Start importing Assets/UnityAssets/Honeti/FlatScifiGUI/Textures/Panels/DropdownOpen.png using Guid(839eaa9705ecb2848b8972a7b1d68099) Importer(815301076,1909f56bfc062723c751e8b465ee728b)  -> (artifact id: '3e41cb56c2996fe1b3f4fbdcf6f70d85') in 0.030085 seconds
Number of updated asset objects reloaded before import = 0
Number of asset objects unloaded after import = 3
========================================================================
Received Import Request.
  Time since last request: 0.000024 seconds.
  path: Assets/UnityAssets/F3_Corvette/Textures/F3_roughness.tif
  artifactKey: Guid(e7c748002a5bf3b4bbca642f1617c325) Importer(815301076,1909f56bfc062723c751e8b465ee728b)
Start importing Assets/UnityAssets/F3_Corvette/Textures/F3_roughness.tif using Guid(e7c748002a5bf3b4bbca642f1617c325) Importer(815301076,1909f56bfc062723c751e8b465ee728b)  -> (artifact id: '38a8e2f48a8ab088a1dd9fc2f3a64e57') in 0.023299 seconds
Number of updated asset objects reloaded before import = 0
Number of asset objects unloaded after import = 2
========================================================================
Received Import Request.
  Time since last request: 0.000017 seconds.
  path: Assets/Materials/textures/Генератор/Fencing_Wood_Old.jpg
  artifactKey: Guid(cbf90ecaf3b4dca4bb7eff685b80b151) Importer(815301076,1909f56bfc062723c751e8b465ee728b)
Start importing Assets/Materials/textures/Генератор/Fencing_Wood_Old.jpg using Guid(cbf90ecaf3b4dca4bb7eff685b80b151) Importer(815301076,1909f56bfc062723c751e8b465ee728b)  -> (artifact id: 'eacb94e06eec0a0dae205acad4772e45') in 0.020866 seconds
Number of updated asset objects reloaded before import = 0
Number of asset objects unloaded after import = 2
========================================================================
Received Import Request.
  Time since last request: 0.000016 seconds.
  path: Assets/UnityAssets/F3_Corvette/Textures/F3_normal.tif
  artifactKey: Guid(f6c7a92433d238a47a9cf48355a071ff) Importer(815301076,1909f56bfc062723c751e8b465ee728b)
Start importing Assets/UnityAssets/F3_Corvette/Textures/F3_normal.tif using Guid(f6c7a92433d238a47a9cf48355a071ff) Importer(815301076,1909f56bfc062723c751e8b465ee728b)  -> (artifact id: '9bffed2ac2a535f9b13468e53960c607') in 0.030970 seconds
Number of updated asset objects reloaded before import = 0
Number of asset objects unloaded after import = 2
========================================================================
Received Import Request.
  Time since last request: 0.103584 seconds.
  path: Assets/UnityAssets/Honeti/FlatScifiGUI/Sources/flat_scifi_gui_green.psd
  artifactKey: Guid(49c98d6ae87e1884c95e0d2b24a9041f) Importer(815301076,1909f56bfc062723c751e8b465ee728b)
Start importing Assets/UnityAssets/Honeti/FlatScifiGUI/Sources/flat_scifi_gui_green.psd using Guid(49c98d6ae87e1884c95e0d2b24a9041f) Importer(815301076,1909f56bfc062723c751e8b465ee728b)  -> (artifact id: 'a0f0530c1bfd27889629af5797e0facb') in 0.024093 seconds
Number of updated asset objects reloaded before import = 0
Number of asset objects unloaded after import = 3
========================================================================
Received Import Request.
  Time since last request: 0.000015 seconds.
  path: Assets/UnityAssets/Honeti/FlatScifiGUI/Textures/Panels/GameBarBgLeft.png
  artifactKey: Guid(429ef0579e8e5504e932ad97fb04fcec) Importer(815301076,1909f56bfc062723c751e8b465ee728b)
Start importing Assets/UnityAssets/Honeti/FlatScifiGUI/Textures/Panels/GameBarBgLeft.png using Guid(429ef0579e8e5504e932ad97fb04fcec) Importer(815301076,1909f56bfc062723c751e8b465ee728b)  -> (artifact id: 'e99b9319207e8de85ffc34fcfb22fa01') in 0.034355 seconds
Number of updated asset objects reloaded before import = 0
Number of asset objects unloaded after import = 3
========================================================================
Received Import Request.
  Time since last request: 0.000028 seconds.
  path: Assets/UnityAssets/Honeti/FlatScifiGUI/Sources/flat_scifi_gui_purple.psd
  artifactKey: Guid(2bd057fabe4f2394a941f4f18824feb8) Importer(815301076,1909f56bfc062723c751e8b465ee728b)
Start importing Assets/UnityAssets/Honeti/FlatScifiGUI/Sources/flat_scifi_gui_purple.psd using Guid(2bd057fabe4f2394a941f4f18824feb8) Importer(815301076,1909f56bfc062723c751e8b465ee728b)  -> (artifact id: '63f9d5566c4984f96066d313771201c4') in 0.028156 seconds
Number of updated asset objects reloaded before import = 0
Number of asset objects unloaded after import = 3
========================================================================
Received Import Request.
  Time since last request: 0.487753 seconds.
  path: Assets/UnityAssets/Honeti/FlatScifiGUI/Textures/Panels/GameBarsBgRight.png
  artifactKey: Guid(cb9fb2f5a7e4c9540be500b2ff706625) Importer(815301076,1909f56bfc062723c751e8b465ee728b)
Start importing Assets/UnityAssets/Honeti/FlatScifiGUI/Textures/Panels/GameBarsBgRight.png using Guid(cb9fb2f5a7e4c9540be500b2ff706625) Importer(815301076,1909f56bfc062723c751e8b465ee728b)  -> (artifact id: '989152b6a72854b76fdd692b88569a7b') in 0.027200 seconds
Number of updated asset objects reloaded before import = 0
Number of asset objects unloaded after import = 3
========================================================================
Received Import Request.
  Time since last request: 0.000018 seconds.
  path: Assets/Enviroment/Textures/Ground/Ground_B_Normal.png
  artifactKey: Guid(e7f0d16353e8d5541aaab547065d7698) Importer(815301076,1909f56bfc062723c751e8b465ee728b)
Start importing Assets/Enviroment/Textures/Ground/Ground_B_Normal.png using Guid(e7f0d16353e8d5541aaab547065d7698) Importer(815301076,1909f56bfc062723c751e8b465ee728b)  -> (artifact id: '695c4638c41d70de3fa21317d775e389') in 0.035202 seconds
Number of updated asset objects reloaded before import = 0
Number of asset objects unloaded after import = 2
========================================================================
Received Import Request.
  Time since last request: 0.000017 seconds.
  path: Assets/Prefabs/2D Texture/IMG_2544.PNG
  artifactKey: Guid(b64f608671404744188776f68d8e2c1e) Importer(815301076,1909f56bfc062723c751e8b465ee728b)
Start importing Assets/Prefabs/2D Texture/IMG_2544.PNG using Guid(b64f608671404744188776f68d8e2c1e) Importer(815301076,1909f56bfc062723c751e8b465ee728b)  -> (artifact id: 'a27ddb3db4bea39e7194a25618eedb03') in 0.031330 seconds
Number of updated asset objects reloaded before import = 0
Number of asset objects unloaded after import = 3
========================================================================
Received Import Request.
  Time since last request: 0.000016 seconds.
  path: Assets/Prefabs/2D Texture/InventoryUI/IMG_2607.PNG
  artifactKey: Guid(231c303a027bc3c45859c7a500174352) Importer(815301076,1909f56bfc062723c751e8b465ee728b)
Start importing Assets/Prefabs/2D Texture/InventoryUI/IMG_2607.PNG using Guid(231c303a027bc3c45859c7a500174352) Importer(815301076,1909f56bfc062723c751e8b465ee728b)  -> (artifact id: '995d2d59efede434124d30684796fa17') in 0.032752 seconds
Number of updated asset objects reloaded before import = 0
Number of asset objects unloaded after import = 3
========================================================================
Received Import Request.
  Time since last request: 0.032971 seconds.
  path: Assets/Prefabs/2D Texture/InventoryUI/IMG_2610.PNG
  artifactKey: Guid(ba265797d01c0104784a74813fe2d9ff) Importer(815301076,1909f56bfc062723c751e8b465ee728b)
Start importing Assets/Prefabs/2D Texture/InventoryUI/IMG_2610.PNG using Guid(ba265797d01c0104784a74813fe2d9ff) Importer(815301076,1909f56bfc062723c751e8b465ee728b)  -> (artifact id: '7641125df07a480ef236539e5e3ee9d5') in 0.027876 seconds
Number of updated asset objects reloaded before import = 0
Number of asset objects unloaded after import = 3
========================================================================
Received Import Request.
  Time since last request: 0.000017 seconds.
  path: Assets/Prefabs/Settings/IMG_2626.PNG
  artifactKey: Guid(48a5d7e53cdd5fb439a4317fe855733e) Importer(815301076,1909f56bfc062723c751e8b465ee728b)
Start importing Assets/Prefabs/Settings/IMG_2626.PNG using Guid(48a5d7e53cdd5fb439a4317fe855733e) Importer(815301076,1909f56bfc062723c751e8b465ee728b)  -> (artifact id: 'da77e12547126cbdf6fe50ef6d807508') in 0.032103 seconds
Number of updated asset objects reloaded before import = 0
Number of asset objects unloaded after import = 3
========================================================================
Received Import Request.
  Time since last request: 0.000024 seconds.
  path: Assets/Prefabs/Settings/IMG_2622.PNG
  artifactKey: Guid(35512846caa3dcb40ac934b8323f774d) Importer(815301076,1909f56bfc062723c751e8b465ee728b)
Start importing Assets/Prefabs/Settings/IMG_2622.PNG using Guid(35512846caa3dcb40ac934b8323f774d) Importer(815301076,1909f56bfc062723c751e8b465ee728b)  -> (artifact id: '2afc29b0abd46da63d5a5b573c78e3a9') in 0.030682 seconds
Number of updated asset objects reloaded before import = 0
Number of asset objects unloaded after import = 3
========================================================================
Received Import Request.
  Time since last request: 0.000021 seconds.
  path: Assets/Prefabs/2D Texture/PauseMenuUI/IMG_2615.PNG
  artifactKey: Guid(c9e8151fe41efd843b0a98c0f97ef62a) Importer(815301076,1909f56bfc062723c751e8b465ee728b)
Start importing Assets/Prefabs/2D Texture/PauseMenuUI/IMG_2615.PNG using Guid(c9e8151fe41efd843b0a98c0f97ef62a) Importer(815301076,1909f56bfc062723c751e8b465ee728b)  -> (artifact id: '6b3f13e19830e8e4b7469cfd2834dd66') in 0.027802 seconds
Number of updated asset objects reloaded before import = 0
Number of asset objects unloaded after import = 3
========================================================================
Received Import Request.
  Time since last request: 0.000019 seconds.
  path: Assets/Prefabs/Settings/IMG_2633.PNG
  artifactKey: Guid(1d51efe02376ac544a96c617f0381250) Importer(815301076,1909f56bfc062723c751e8b465ee728b)
Start importing Assets/Prefabs/Settings/IMG_2633.PNG using Guid(1d51efe02376ac544a96c617f0381250) Importer(815301076,1909f56bfc062723c751e8b465ee728b)  -> (artifact id: '7437109dfb24c388608bdfc900eaa950') in 0.024479 seconds
Number of updated asset objects reloaded before import = 0
Number of asset objects unloaded after import = 3
========================================================================
Received Import Request.
  Time since last request: 2.899169 seconds.
  path: Assets/Prefabs/2D Texture/Pokazately/IMG_2641.PNG
  artifactKey: Guid(db2573c670ac4534bb4afa160c300c7f) Importer(815301076,1909f56bfc062723c751e8b465ee728b)
Start importing Assets/Prefabs/2D Texture/Pokazately/IMG_2641.PNG using Guid(db2573c670ac4534bb4afa160c300c7f) Importer(815301076,1909f56bfc062723c751e8b465ee728b)  -> (artifact id: '073a2655baee9a300084f74311597845') in 0.067631 seconds
Number of updated asset objects reloaded before import = 0
Number of asset objects unloaded after import = 3
========================================================================
Received Import Request.
  Time since last request: 0.000022 seconds.
  path: Assets/Prefabs/2D Texture/Craft/IMG_2646 1.PNG
  artifactKey: Guid(c672da35134751e4cbf3bbfbe8eac792) Importer(815301076,1909f56bfc062723c751e8b465ee728b)
Start importing Assets/Prefabs/2D Texture/Craft/IMG_2646 1.PNG using Guid(c672da35134751e4cbf3bbfbe8eac792) Importer(815301076,1909f56bfc062723c751e8b465ee728b)  -> (artifact id: 'd700e5033b88cf58f5f892e0b2cd1b4f') in 0.023565 seconds
Number of updated asset objects reloaded before import = 0
Number of asset objects unloaded after import = 3
========================================================================
Received Import Request.
  Time since last request: 0.000027 seconds.
  path: Assets/Prefabs/2D Texture/Craft/IMG_2647.PNG
  artifactKey: Guid(18ddc5ee843cc3b4bb1d16227109c875) Importer(815301076,1909f56bfc062723c751e8b465ee728b)
Start importing Assets/Prefabs/2D Texture/Craft/IMG_2647.PNG using Guid(18ddc5ee843cc3b4bb1d16227109c875) Importer(815301076,1909f56bfc062723c751e8b465ee728b)  -> (artifact id: 'a09d104f6f0cce1a4786288f4582ce3a') in 0.025713 seconds
Number of updated asset objects reloaded before import = 0
Number of asset objects unloaded after import = 3
========================================================================
Received Import Request.
  Time since last request: 0.000021 seconds.
  path: Assets/Prefabs/2D Texture/Craft/IMG_2650.PNG
  artifactKey: Guid(d0252e00b58366f4383a7a29c70209d7) Importer(815301076,1909f56bfc062723c751e8b465ee728b)
Start importing Assets/Prefabs/2D Texture/Craft/IMG_2650.PNG using Guid(d0252e00b58366f4383a7a29c70209d7) Importer(815301076,1909f56bfc062723c751e8b465ee728b)  -> (artifact id: 'a36dafe5da6ee3e04942f53a0d379596') in 0.022685 seconds
Number of updated asset objects reloaded before import = 0
Number of asset objects unloaded after import = 3
========================================================================
Received Import Request.
  Time since last request: 0.391686 seconds.
  path: Assets/Prefabs/Settings/IMG_2676.PNG
  artifactKey: Guid(85355bc4af007334886f1cb1f6bfacf4) Importer(815301076,1909f56bfc062723c751e8b465ee728b)
Start importing Assets/Prefabs/Settings/IMG_2676.PNG using Guid(85355bc4af007334886f1cb1f6bfacf4) Importer(815301076,1909f56bfc062723c751e8b465ee728b)  -> (artifact id: '944beb7aba342990c8724629f2ebc9ff') in 0.027706 seconds
Number of updated asset objects reloaded before import = 0
Number of asset objects unloaded after import = 3
========================================================================
Received Import Request.
  Time since last request: 0.000020 seconds.
  path: Assets/Materials/Programming/IMG_2807.PNG
  artifactKey: Guid(9a80ce2817f66e5449e034be1abcf510) Importer(815301076,1909f56bfc062723c751e8b465ee728b)
Start importing Assets/Materials/Programming/IMG_2807.PNG using Guid(9a80ce2817f66e5449e034be1abcf510) Importer(815301076,1909f56bfc062723c751e8b465ee728b)  -> (artifact id: '94545df0295d81407ca71e4e3edd1c92') in 0.022828 seconds
Number of updated asset objects reloaded before import = 0
Number of asset objects unloaded after import = 3
========================================================================
Received Import Request.
  Time since last request: 0.000016 seconds.
  path: Assets/Materials/Programming/IMG_2801.PNG
  artifactKey: Guid(3313cc725f21abf4bb70f88146a47136) Importer(815301076,1909f56bfc062723c751e8b465ee728b)
Start importing Assets/Materials/Programming/IMG_2801.PNG using Guid(3313cc725f21abf4bb70f88146a47136) Importer(815301076,1909f56bfc062723c751e8b465ee728b)  -> (artifact id: '10b4086a57b64ca80286bd2ca673e198') in 0.033305 seconds
Number of updated asset objects reloaded before import = 0
Number of asset objects unloaded after import = 3
========================================================================
Received Import Request.
  Time since last request: 0.000016 seconds.
  path: Assets/Prefabs/Settings/IMG_2739.PNG
  artifactKey: Guid(13f50e25b1a37a6478aeb28a1e90a291) Importer(815301076,1909f56bfc062723c751e8b465ee728b)
Start importing Assets/Prefabs/Settings/IMG_2739.PNG using Guid(13f50e25b1a37a6478aeb28a1e90a291) Importer(815301076,1909f56bfc062723c751e8b465ee728b)  -> (artifact id: '4677996d44a34aec3ba164bcec847d1b') in 0.023281 seconds
Number of updated asset objects reloaded before import = 0
Number of asset objects unloaded after import = 3
========================================================================
Received Import Request.
  Time since last request: 0.047333 seconds.
  path: Assets/Prefabs/2D Texture/IMG_2841.PNG
  artifactKey: Guid(8c81509ae85f9df46ae14c14802bcc77) Importer(815301076,1909f56bfc062723c751e8b465ee728b)
Start importing Assets/Prefabs/2D Texture/IMG_2841.PNG using Guid(8c81509ae85f9df46ae14c14802bcc77) Importer(815301076,1909f56bfc062723c751e8b465ee728b)  -> (artifact id: 'd47eed66cab5b50752d59d8b441f7503') in 0.027637 seconds
Number of updated asset objects reloaded before import = 0
Number of asset objects unloaded after import = 3
========================================================================
Received Import Request.
  Time since last request: 0.000021 seconds.
  path: Assets/UnityAssets/ScifiOfficeLite/Meshes/Textures/Environment/Techware/Keyboard props texture/Keyboard Props_Maskmap.png
  artifactKey: Guid(7d4d2c52a21e0ca47b62474a7f9f6e74) Importer(815301076,1909f56bfc062723c751e8b465ee728b)
Start importing Assets/UnityAssets/ScifiOfficeLite/Meshes/Textures/Environment/Techware/Keyboard props texture/Keyboard Props_Maskmap.png using Guid(7d4d2c52a21e0ca47b62474a7f9f6e74) Importer(815301076,1909f56bfc062723c751e8b465ee728b)  -> (artifact id: 'b368f209fae3633c4856ded535aa4ded') in 0.023877 seconds
Number of updated asset objects reloaded before import = 0
Number of asset objects unloaded after import = 2
========================================================================
Received Import Request.
  Time since last request: 0.000031 seconds.
  path: Assets/UnityAssets/ScifiOfficeLite/Meshes/Textures/Environment/Techware/Keyboard props texture/Keyboard Props_Height.png
  artifactKey: Guid(94a07b862566eab49a59fdb9f8b95753) Importer(815301076,1909f56bfc062723c751e8b465ee728b)
Start importing Assets/UnityAssets/ScifiOfficeLite/Meshes/Textures/Environment/Techware/Keyboard props texture/Keyboard Props_Height.png using Guid(94a07b862566eab49a59fdb9f8b95753) Importer(815301076,1909f56bfc062723c751e8b465ee728b)  -> (artifact id: 'a3d3e474cbb7612b1dcdca6608bb8164') in 0.036373 seconds
Number of updated asset objects reloaded before import = 0
Number of asset objects unloaded after import = 2
========================================================================
Received Import Request.
  Time since last request: 0.000016 seconds.
  path: Assets/UnityAssets/Honeti/FlatScifiGUI/Textures/Panels/InputFiledHighlighted.png
  artifactKey: Guid(8bfcfd306ddc7a242a9c9617a7981d1b) Importer(815301076,1909f56bfc062723c751e8b465ee728b)
Start importing Assets/UnityAssets/Honeti/FlatScifiGUI/Textures/Panels/InputFiledHighlighted.png using Guid(8bfcfd306ddc7a242a9c9617a7981d1b) Importer(815301076,1909f56bfc062723c751e8b465ee728b)  -> (artifact id: 'ca6362124d3cddb61edd4114be43190e') in 0.024828 seconds
Number of updated asset objects reloaded before import = 0
Number of asset objects unloaded after import = 3
========================================================================
Received Import Request.
  Time since last request: 0.000028 seconds.
  path: Assets/UnityAssets/Data/Sci-fi_assets/Sci-Fi Old rusty props PBR/Data/Textures/Items/Items_PAint_DefaultMaterial_Normal.png
  artifactKey: Guid(ef9657f79e9a25146b2517eb399180cd) Importer(815301076,1909f56bfc062723c751e8b465ee728b)
Start importing Assets/UnityAssets/Data/Sci-fi_assets/Sci-Fi Old rusty props PBR/Data/Textures/Items/Items_PAint_DefaultMaterial_Normal.png using Guid(ef9657f79e9a25146b2517eb399180cd) Importer(815301076,1909f56bfc062723c751e8b465ee728b)  -> (artifact id: '57ae6c2f89262c7b2856ac024297bf08') in 0.075240 seconds
Number of updated asset objects reloaded before import = 0
Number of asset objects unloaded after import = 2
========================================================================
Received Import Request.
  Time since last request: 0.024811 seconds.
  path: Assets/UnityAssets/ScifiOfficeLite/Scene/Demo/Lightmap-0_comp_shadowmask.png
  artifactKey: Guid(dafbb33ff9aa98f45aea50842b0092b5) Importer(815301076,1909f56bfc062723c751e8b465ee728b)
Start importing Assets/UnityAssets/ScifiOfficeLite/Scene/Demo/Lightmap-0_comp_shadowmask.png using Guid(dafbb33ff9aa98f45aea50842b0092b5) Importer(815301076,1909f56bfc062723c751e8b465ee728b)  -> (artifact id: '0e614a01be705de9f26fc56d4725d39d') in 0.020662 seconds
Number of updated asset objects reloaded before import = 0
Number of asset objects unloaded after import = 2
========================================================================
Received Import Request.
  Time since last request: 0.000018 seconds.
  path: Assets/UnityAssets/ScifiOfficeLite/Scene/Demo/Lightmap-2_comp_light.exr
  artifactKey: Guid(f99962964a4542d43b9027e1c10b4171) Importer(815301076,1909f56bfc062723c751e8b465ee728b)
Start importing Assets/UnityAssets/ScifiOfficeLite/Scene/Demo/Lightmap-2_comp_light.exr using Guid(f99962964a4542d43b9027e1c10b4171) Importer(815301076,1909f56bfc062723c751e8b465ee728b)  -> (artifact id: '2373570f2dd55a97a798407051c76c05') in 0.027246 seconds
Number of updated asset objects reloaded before import = 0
Number of asset objects unloaded after import = 2
========================================================================
Received Import Request.
  Time since last request: 0.000021 seconds.
  path: Assets/UnityAssets/ScifiOfficeLite/Scene/Demo/Lightmap-1_comp_light.exr
  artifactKey: Guid(d4f8f3ce2ab2243408ed1a1891d04458) Importer(815301076,1909f56bfc062723c751e8b465ee728b)
Start importing Assets/UnityAssets/ScifiOfficeLite/Scene/Demo/Lightmap-1_comp_light.exr using Guid(d4f8f3ce2ab2243408ed1a1891d04458) Importer(815301076,1909f56bfc062723c751e8b465ee728b)  -> (artifact id: 'd7c2b9d3a0c71cb0942454db8741d2fd') in 0.017672 seconds
Number of updated asset objects reloaded before import = 0
Number of asset objects unloaded after import = 2
========================================================================
Received Import Request.
  Time since last request: 0.000026 seconds.
  path: Assets/Materials/mishka/LP_FULL_3_1_albedotranparency.tga
  artifactKey: Guid(66fa614f2c181a64eadd9ead7954c49c) Importer(815301076,1909f56bfc062723c751e8b465ee728b)
Start importing Assets/Materials/mishka/LP_FULL_3_1_albedotranparency.tga using Guid(66fa614f2c181a64eadd9ead7954c49c) Importer(815301076,1909f56bfc062723c751e8b465ee728b)  -> (artifact id: 'de88503172c2dc40f5a36a35fba502f5') in 0.026515 seconds
Number of updated asset objects reloaded before import = 0
Number of asset objects unloaded after import = 2
========================================================================
Received Import Request.
  Time since last request: 0.161636 seconds.
  path: Assets/Materials/mishka/LP_FULL_3_2_metallicsmoothness.tga
  artifactKey: Guid(6ba6cb23d5facd24c817cdfdaf400257) Importer(815301076,1909f56bfc062723c751e8b465ee728b)
Start importing Assets/Materials/mishka/LP_FULL_3_2_metallicsmoothness.tga using Guid(6ba6cb23d5facd24c817cdfdaf400257) Importer(815301076,1909f56bfc062723c751e8b465ee728b)  -> (artifact id: 'f9f5898dbb1b7d3343b7ba6bc494b8ee') in 0.015039 seconds
Number of updated asset objects reloaded before import = 0
Number of asset objects unloaded after import = 2
========================================================================
Received Import Request.
  Time since last request: 0.000018 seconds.
  path: Assets/Materials/Модули/Модуль Склада/Material_1.jpg
  artifactKey: Guid(fff8c83eb4f441848b681ab7ea2c98cd) Importer(815301076,1909f56bfc062723c751e8b465ee728b)
Start importing Assets/Materials/Модули/Модуль Склада/Material_1.jpg using Guid(fff8c83eb4f441848b681ab7ea2c98cd) Importer(815301076,1909f56bfc062723c751e8b465ee728b)  -> (artifact id: 'fdd5cbeb60df16488ad49d7a4a1223ff') in 0.018682 seconds
Number of updated asset objects reloaded before import = 0
Number of asset objects unloaded after import = 2
========================================================================
Received Import Request.
  Time since last request: 0.000030 seconds.
  path: Assets/Materials/textures/Модуль лаборатории/Material_2.jpg
  artifactKey: Guid(6b86d6f6a4b700346ae14e8e6a75d0dc) Importer(815301076,1909f56bfc062723c751e8b465ee728b)
Start importing Assets/Materials/textures/Модуль лаборатории/Material_2.jpg using Guid(6b86d6f6a4b700346ae14e8e6a75d0dc) Importer(815301076,1909f56bfc062723c751e8b465ee728b)  -> (artifact id: 'ad727eba41178c98d1259b59028ff664') in 0.021183 seconds
Number of updated asset objects reloaded before import = 0
Number of asset objects unloaded after import = 2
========================================================================
Received Import Request.
  Time since last request: 0.000015 seconds.
  path: Assets/Materials/textures/Модуль Склада/Material_1.jpg
  artifactKey: Guid(69f735dc397adf74a8a94620cf07cdb4) Importer(815301076,1909f56bfc062723c751e8b465ee728b)
Start importing Assets/Materials/textures/Модуль Склада/Material_1.jpg using Guid(69f735dc397adf74a8a94620cf07cdb4) Importer(815301076,1909f56bfc062723c751e8b465ee728b)  -> (artifact id: '3f2f2df74e443c3211233d4a8cedd404') in 0.024200 seconds
Number of updated asset objects reloaded before import = 0
Number of asset objects unloaded after import = 2
========================================================================
Received Import Request.
  Time since last request: 0.000023 seconds.
  path: Assets/Materials/textures/Модуль дома/Material_2.jpg
  artifactKey: Guid(71af6256bdb96fc4a909e4ef95a4e956) Importer(815301076,1909f56bfc062723c751e8b465ee728b)
Start importing Assets/Materials/textures/Модуль дома/Material_2.jpg using Guid(71af6256bdb96fc4a909e4ef95a4e956) Importer(815301076,1909f56bfc062723c751e8b465ee728b)  -> (artifact id: '92813192e145fc5304407311ab749b34') in 0.019891 seconds
Number of updated asset objects reloaded before import = 0
Number of asset objects unloaded after import = 2
========================================================================
Received Import Request.
  Time since last request: 0.252040 seconds.
  path: Assets/Materials/textures/Модуль дома/Material_3.jpg
  artifactKey: Guid(a34c4b711c641d84fabac5a27c1b8d5c) Importer(815301076,1909f56bfc062723c751e8b465ee728b)
Start importing Assets/Materials/textures/Модуль дома/Material_3.jpg using Guid(a34c4b711c641d84fabac5a27c1b8d5c) Importer(815301076,1909f56bfc062723c751e8b465ee728b)  -> (artifact id: 'e8ec3ea70cf333003f0cffacf7a1dd4f') in 0.017651 seconds
Number of updated asset objects reloaded before import = 0
Number of asset objects unloaded after import = 2
========================================================================
Received Import Request.
  Time since last request: 0.000015 seconds.
  path: Assets/Materials/textures/Модуль лаборатории/Material_5.jpg
  artifactKey: Guid(064d29c5ffcec39498a6c2129192c9a6) Importer(815301076,1909f56bfc062723c751e8b465ee728b)
Start importing Assets/Materials/textures/Модуль лаборатории/Material_5.jpg using Guid(064d29c5ffcec39498a6c2129192c9a6) Importer(815301076,1909f56bfc062723c751e8b465ee728b)  -> (artifact id: 'cf90bb1f619d7dec53d5b7cbfeed220a') in 0.019043 seconds
Number of updated asset objects reloaded before import = 0
Number of asset objects unloaded after import = 2
========================================================================
Received Import Request.
  Time since last request: 0.000029 seconds.
  path: Assets/Materials/Модули/Модуль Склада/Material_5.jpg
  artifactKey: Guid(47fd37fb3061ddf4a89ce8c49138cfc4) Importer(815301076,1909f56bfc062723c751e8b465ee728b)
Start importing Assets/Materials/Модули/Модуль Склада/Material_5.jpg using Guid(47fd37fb3061ddf4a89ce8c49138cfc4) Importer(815301076,1909f56bfc062723c751e8b465ee728b)  -> (artifact id: '86992810b73e1a97925bf6daafa1428c') in 0.018562 seconds
Number of updated asset objects reloaded before import = 0
Number of asset objects unloaded after import = 2
========================================================================
Received Import Request.
  Time since last request: 0.000017 seconds.
  path: Assets/Materials/textures/Модуль Склада/Material_5.jpg
  artifactKey: Guid(3af3a4bf4aad11546b3e6847b92ea5cc) Importer(815301076,1909f56bfc062723c751e8b465ee728b)
Start importing Assets/Materials/textures/Модуль Склада/Material_5.jpg using Guid(3af3a4bf4aad11546b3e6847b92ea5cc) Importer(815301076,1909f56bfc062723c751e8b465ee728b)  -> (artifact id: '2f7cd49b9fa11396310d9a4a80a06abb') in 0.020931 seconds
Number of updated asset objects reloaded before import = 0
Number of asset objects unloaded after import = 2
========================================================================
Received Import Request.
  Time since last request: 0.000023 seconds.
  path: Assets/Materials/textures/Модуль лаборатории/Material_8.jpg
  artifactKey: Guid(bb2ca43e77344cc4c9c89bfbb787b557) Importer(815301076,1909f56bfc062723c751e8b465ee728b)
Start importing Assets/Materials/textures/Модуль лаборатории/Material_8.jpg using Guid(bb2ca43e77344cc4c9c89bfbb787b557) Importer(815301076,1909f56bfc062723c751e8b465ee728b)  -> (artifact id: 'e3826c8a8f6d6cfe2d17bc888e7cf353') in 0.020076 seconds
Number of updated asset objects reloaded before import = 0
Number of asset objects unloaded after import = 2
========================================================================
Received Import Request.
  Time since last request: 0.000016 seconds.
  path: Assets/Materials/textures/Модуль дома/Material_8.jpg
  artifactKey: Guid(e6db85a944af6a249b61000eb1bd785c) Importer(815301076,1909f56bfc062723c751e8b465ee728b)
Start importing Assets/Materials/textures/Модуль дома/Material_8.jpg using Guid(e6db85a944af6a249b61000eb1bd785c) Importer(815301076,1909f56bfc062723c751e8b465ee728b)  -> (artifact id: 'dbeda75107c822102193a5f5515c3099') in 0.018674 seconds
Number of updated asset objects reloaded before import = 0
Number of asset objects unloaded after import = 2
========================================================================
Received Import Request.
  Time since last request: 0.000017 seconds.
  path: Assets/Materials/Модули/Модуль дома/Material_7.jpg
  artifactKey: Guid(69438d720d951664ca6394a15f6adde8) Importer(815301076,1909f56bfc062723c751e8b465ee728b)
Start importing Assets/Materials/Модули/Модуль дома/Material_7.jpg using Guid(69438d720d951664ca6394a15f6adde8) Importer(815301076,1909f56bfc062723c751e8b465ee728b)  -> (artifact id: 'dce7faf8986a6dd367c9107cfd865146') in 0.016291 seconds
Number of updated asset objects reloaded before import = 0
Number of asset objects unloaded after import = 2
========================================================================
Received Import Request.
  Time since last request: 0.000028 seconds.
  path: Assets/Materials/textures/Модуль дома/Material_7.jpg
  artifactKey: Guid(f49f926e5385e8a429448e332abb6a73) Importer(815301076,1909f56bfc062723c751e8b465ee728b)
Start importing Assets/Materials/textures/Модуль дома/Material_7.jpg using Guid(f49f926e5385e8a429448e332abb6a73) Importer(815301076,1909f56bfc062723c751e8b465ee728b)  -> (artifact id: 'd5adc7ef577744b7d75e6a4b89a2adc0') in 0.020680 seconds
Number of updated asset objects reloaded before import = 0
Number of asset objects unloaded after import = 2
========================================================================
Received Import Request.
  Time since last request: 0.000014 seconds.
  path: Assets/Materials/Модули/Модуль пасеки/Material_5.jpg
  artifactKey: Guid(70dd59c02fc42f746ac1c934df091866) Importer(815301076,1909f56bfc062723c751e8b465ee728b)
Start importing Assets/Materials/Модули/Модуль пасеки/Material_5.jpg using Guid(70dd59c02fc42f746ac1c934df091866) Importer(815301076,1909f56bfc062723c751e8b465ee728b)  -> (artifact id: 'a486dc43ab68416f2de7fe77352ad737') in 0.019081 seconds
Number of updated asset objects reloaded before import = 0
Number of asset objects unloaded after import = 2
========================================================================
Received Import Request.
  Time since last request: 0.321613 seconds.
  path: Assets/Materials/Модули/Модуль пасеки/Material_9.jpg
  artifactKey: Guid(b16fd543757be4c428febf3d99a5b7be) Importer(815301076,1909f56bfc062723c751e8b465ee728b)
Start importing Assets/Materials/Модули/Модуль пасеки/Material_9.jpg using Guid(b16fd543757be4c428febf3d99a5b7be) Importer(815301076,1909f56bfc062723c751e8b465ee728b)  -> (artifact id: 'c17163ba618fbb687f1daa99ae3a45e2') in 0.018095 seconds
Number of updated asset objects reloaded before import = 0
Number of asset objects unloaded after import = 2
========================================================================
Received Import Request.
  Time since last request: 0.000038 seconds.
  path: Assets/Materials/textures/Модуль пасеки/Material_10.jpg
  artifactKey: Guid(b58d8fe26ec2ca048a482a75922959d1) Importer(815301076,1909f56bfc062723c751e8b465ee728b)
Start importing Assets/Materials/textures/Модуль пасеки/Material_10.jpg using Guid(b58d8fe26ec2ca048a482a75922959d1) Importer(815301076,1909f56bfc062723c751e8b465ee728b)  -> (artifact id: 'b635090d5ba6176aa7ec2744a5ba0f0d') in 0.019734 seconds
Number of updated asset objects reloaded before import = 0
Number of asset objects unloaded after import = 2
========================================================================
Received Import Request.
  Time since last request: 0.000018 seconds.
  path: Assets/Materials/textures/Модуль дома/Material_10.jpg
  artifactKey: Guid(511c8ac5610188b4ea407c5e808b5a0a) Importer(815301076,1909f56bfc062723c751e8b465ee728b)
Start importing Assets/Materials/textures/Модуль дома/Material_10.jpg using Guid(511c8ac5610188b4ea407c5e808b5a0a) Importer(815301076,1909f56bfc062723c751e8b465ee728b)  -> (artifact id: '8f9f3d684bfb868106aabea8d90668e0') in 0.019178 seconds
Number of updated asset objects reloaded before import = 0
Number of asset objects unloaded after import = 2
========================================================================
Received Import Request.
  Time since last request: 0.000029 seconds.
  path: Assets/Materials/Модули/Модуль лаборатории/Material_10.jpg
  artifactKey: Guid(65683f18ee1e6cb499330fd036206c3b) Importer(815301076,1909f56bfc062723c751e8b465ee728b)
Start importing Assets/Materials/Модули/Модуль лаборатории/Material_10.jpg using Guid(65683f18ee1e6cb499330fd036206c3b) Importer(815301076,1909f56bfc062723c751e8b465ee728b)  -> (artifact id: '16c3dd18e8875097257bfc56ae266e7b') in 0.017693 seconds
Number of updated asset objects reloaded before import = 0
Number of asset objects unloaded after import = 2
========================================================================
Received Import Request.
  Time since last request: 0.627838 seconds.
  path: Assets/Materials/Модули/Модуль Склада/Material_11.jpg
  artifactKey: Guid(4b3f8d954aa48c343b65a3748eab8a86) Importer(815301076,1909f56bfc062723c751e8b465ee728b)
Start importing Assets/Materials/Модули/Модуль Склада/Material_11.jpg using Guid(4b3f8d954aa48c343b65a3748eab8a86) Importer(815301076,1909f56bfc062723c751e8b465ee728b)  -> (artifact id: '65f4999bdab4bd5da717361200a7cd0d') in 0.020825 seconds
Number of updated asset objects reloaded before import = 0
Number of asset objects unloaded after import = 2
========================================================================
Received Import Request.
  Time since last request: 0.000014 seconds.
  path: Assets/Materials/textures/Модуль Склада/Material_13.jpg
  artifactKey: Guid(b970077a47906134abb7bc07914f2178) Importer(815301076,1909f56bfc062723c751e8b465ee728b)
Start importing Assets/Materials/textures/Модуль Склада/Material_13.jpg using Guid(b970077a47906134abb7bc07914f2178) Importer(815301076,1909f56bfc062723c751e8b465ee728b)  -> (artifact id: '43cf84814de6b2a6507035ec8b6ddcec') in 0.018366 seconds
Number of updated asset objects reloaded before import = 0
Number of asset objects unloaded after import = 2
========================================================================
Received Import Request.
  Time since last request: 0.000015 seconds.
  path: Assets/UnityAssets/Honeti/FlatScifiGUI/Textures/Misc/MenuPoint.png
  artifactKey: Guid(be8cd7c7c690f174d8c550193f8e0d34) Importer(815301076,1909f56bfc062723c751e8b465ee728b)
Start importing Assets/UnityAssets/Honeti/FlatScifiGUI/Textures/Misc/MenuPoint.png using Guid(be8cd7c7c690f174d8c550193f8e0d34) Importer(815301076,1909f56bfc062723c751e8b465ee728b)  -> (artifact id: 'fef5edf218b3ece9378f6bf5e0c38822') in 0.023240 seconds
Number of updated asset objects reloaded before import = 0
Number of asset objects unloaded after import = 3
========================================================================
Received Import Request.
  Time since last request: 0.000017 seconds.
  path: Assets/UnityAssets/ScifiOfficeLite/Meshes/Textures/Interactables and Doors/Mechanical arms/Mechanical arms_Diffuse.png
  artifactKey: Guid(6fde2ae80dd8b29458632c2a5c051fc8) Importer(815301076,1909f56bfc062723c751e8b465ee728b)
Start importing Assets/UnityAssets/ScifiOfficeLite/Meshes/Textures/Interactables and Doors/Mechanical arms/Mechanical arms_Diffuse.png using Guid(6fde2ae80dd8b29458632c2a5c051fc8) Importer(815301076,1909f56bfc062723c751e8b465ee728b)  -> (artifact id: '226f1f6969cd39d6f350fd73b9515c83') in 0.025238 seconds
Number of updated asset objects reloaded before import = 0
Number of asset objects unloaded after import = 2
========================================================================
Received Import Request.
  Time since last request: 0.310706 seconds.
  path: Assets/Materials/Прибор для улучшения семян/Прибор для улучшения семян/Metal_Aluminum_Anodized.jpg
  artifactKey: Guid(f8b4eac36c746d5489e94aea90ff0c51) Importer(815301076,1909f56bfc062723c751e8b465ee728b)
Start importing Assets/Materials/Прибор для улучшения семян/Прибор для улучшения семян/Metal_Aluminum_Anodized.jpg using Guid(f8b4eac36c746d5489e94aea90ff0c51) Importer(815301076,1909f56bfc062723c751e8b465ee728b)  -> (artifact id: 'f4f941157b35056502b67103af9b7b17') in 0.019464 seconds
Number of updated asset objects reloaded before import = 0
Number of asset objects unloaded after import = 2
========================================================================
Received Import Request.
  Time since last request: 0.000018 seconds.
  path: Assets/Materials/textures/1 деталь/Metal_Aluminum_Anodized.jpg
  artifactKey: Guid(6d6c39fd92fd32944ac92cfa24a62a6b) Importer(815301076,1909f56bfc062723c751e8b465ee728b)
Start importing Assets/Materials/textures/1 деталь/Metal_Aluminum_Anodized.jpg using Guid(6d6c39fd92fd32944ac92cfa24a62a6b) Importer(815301076,1909f56bfc062723c751e8b465ee728b)  -> (artifact id: 'fea1280734944f64814e8280606392c6') in 0.016730 seconds
Number of updated asset objects reloaded before import = 0
Number of asset objects unloaded after import = 2
========================================================================
Received Import Request.
  Time since last request: 0.000015 seconds.
  path: Assets/Materials/textures/Лист металла/Metal_Aluminum_Anodized.jpg
  artifactKey: Guid(f79848a27cc9a3e42a21801133103727) Importer(815301076,1909f56bfc062723c751e8b465ee728b)
Start importing Assets/Materials/textures/Лист металла/Metal_Aluminum_Anodized.jpg using Guid(f79848a27cc9a3e42a21801133103727) Importer(815301076,1909f56bfc062723c751e8b465ee728b)  -> (artifact id: '51f36bbcd578e773453a86cdbcff27a2') in 0.018923 seconds
Number of updated asset objects reloaded before import = 0
Number of asset objects unloaded after import = 2
========================================================================
Received Import Request.
  Time since last request: 0.000018 seconds.
  path: Assets/Materials/Интерьер/Сундук/Сундук/Metal_Aluminum_Anodized.jpg
  artifactKey: Guid(2ee8baf95d4b9f744b7a402e34d6fdcf) Importer(815301076,1909f56bfc062723c751e8b465ee728b)
Start importing Assets/Materials/Интерьер/Сундук/Сундук/Metal_Aluminum_Anodized.jpg using Guid(2ee8baf95d4b9f744b7a402e34d6fdcf) Importer(815301076,1909f56bfc062723c751e8b465ee728b)  -> (artifact id: '7f05ee2809f96b47a65a6031d2f9de6c') in 0.018674 seconds
Number of updated asset objects reloaded before import = 0
Number of asset objects unloaded after import = 2
========================================================================
Received Import Request.
  Time since last request: 0.413629 seconds.
  path: Assets/Materials/Детали космического корабля/2/деталь 2/Metal_Corrugated_Shiny.jpg
  artifactKey: Guid(ebe2732389122ca418fa2d4baf6ebd88) Importer(815301076,1909f56bfc062723c751e8b465ee728b)
Start importing Assets/Materials/Детали космического корабля/2/деталь 2/Metal_Corrugated_Shiny.jpg using Guid(ebe2732389122ca418fa2d4baf6ebd88) Importer(815301076,1909f56bfc062723c751e8b465ee728b)  -> (artifact id: '1171e791947a1ffe0ebf99bb08eb6e51') in 0.006608 seconds
Number of updated asset objects reloaded before import = 0
Number of asset objects unloaded after import = 2
========================================================================
Received Import Request.
  Time since last request: 0.000020 seconds.
  path: Assets/Materials/textures/Сундук/Metal_Embossed.jpg
  artifactKey: Guid(6c69d0e464aebc84ebd7c460e1aa414b) Importer(815301076,1909f56bfc062723c751e8b465ee728b)
Start importing Assets/Materials/textures/Сундук/Metal_Embossed.jpg using Guid(6c69d0e464aebc84ebd7c460e1aa414b) Importer(815301076,1909f56bfc062723c751e8b465ee728b)  -> (artifact id: '6a8a1c1d462130976237a4eab88b6996') in 0.024155 seconds
Number of updated asset objects reloaded before import = 0
Number of asset objects unloaded after import = 2
========================================================================
Received Import Request.
  Time since last request: 0.000022 seconds.
  path: Assets/Materials/Интерьер/Сундук/Сундук/Metal_Embossed.jpg
  artifactKey: Guid(13bdf07b6e1f57a4cbe90fb1ff660a8b) Importer(815301076,1909f56bfc062723c751e8b465ee728b)
Start importing Assets/Materials/Интерьер/Сундук/Сундук/Metal_Embossed.jpg using Guid(13bdf07b6e1f57a4cbe90fb1ff660a8b) Importer(815301076,1909f56bfc062723c751e8b465ee728b)  -> (artifact id: '7d35ccfd55c765d4af5fa1451e00e047') in 0.025697 seconds
Number of updated asset objects reloaded before import = 0
Number of asset objects unloaded after import = 2
========================================================================
Received Import Request.
  Time since last request: 0.000029 seconds.
  path: Assets/Materials/textures/Генератор/Metal_Rough.jpg
  artifactKey: Guid(756df9da65fcb8a4e88d7c6995ae5ddb) Importer(815301076,1909f56bfc062723c751e8b465ee728b)
Start importing Assets/Materials/textures/Генератор/Metal_Rough.jpg using Guid(756df9da65fcb8a4e88d7c6995ae5ddb) Importer(815301076,1909f56bfc062723c751e8b465ee728b)  -> (artifact id: 'f1a1b2793a91fe4cf59df5d4c15df9f0') in 0.024257 seconds
Number of updated asset objects reloaded before import = 0
Number of asset objects unloaded after import = 2
========================================================================
Received Import Request.
  Time since last request: 0.585244 seconds.
  path: Assets/Materials/textures/1 деталь/Metal_Rusted.jpg
  artifactKey: Guid(26bab22c9bae2a94b92cdf315c0d2fdd) Importer(815301076,1909f56bfc062723c751e8b465ee728b)
Start importing Assets/Materials/textures/1 деталь/Metal_Rusted.jpg using Guid(26bab22c9bae2a94b92cdf315c0d2fdd) Importer(815301076,1909f56bfc062723c751e8b465ee728b)  -> (artifact id: 'fd8338c31a0c506f671447744dbf6c95') in 0.049281 seconds
Number of updated asset objects reloaded before import = 0
Number of asset objects unloaded after import = 2
========================================================================
Received Import Request.
  Time since last request: 0.000028 seconds.
  path: Assets/Materials/Прибор для улучшения семян/Прибор для улучшения семян/Metal_Seamed.jpg
  artifactKey: Guid(e3f1df8be8565114eb577998f4d2f0f3) Importer(815301076,1909f56bfc062723c751e8b465ee728b)
Start importing Assets/Materials/Прибор для улучшения семян/Прибор для улучшения семян/Metal_Seamed.jpg using Guid(e3f1df8be8565114eb577998f4d2f0f3) Importer(815301076,1909f56bfc062723c751e8b465ee728b)  -> (artifact id: '3856f0e81316feac0dc158750ddd1636') in 0.024822 seconds
Number of updated asset objects reloaded before import = 0
Number of asset objects unloaded after import = 2
========================================================================
Received Import Request.
  Time since last request: 0.000101 seconds.
  path: Assets/Materials/Детали космического корабля/1/1 деталь/Metal_Steel_Textured_White.jpg
  artifactKey: Guid(583ff74657d5d01408d434259d107273) Importer(815301076,1909f56bfc062723c751e8b465ee728b)
Start importing Assets/Materials/Детали космического корабля/1/1 деталь/Metal_Steel_Textured_White.jpg using Guid(583ff74657d5d01408d434259d107273) Importer(815301076,1909f56bfc062723c751e8b465ee728b)  -> (artifact id: 'c18f4be11e43afd5ad9c3a2ffb8c55a5') in 0.028030 seconds
Number of updated asset objects reloaded before import = 0
Number of asset objects unloaded after import = 2
========================================================================
Received Import Request.
  Time since last request: 0.000024 seconds.
  path: Assets/Materials/Интерьер/Сундук/Сундук/Metal_Seamed.jpg
  artifactKey: Guid(fc519d8aa684b01488a60f51afc21ace) Importer(815301076,1909f56bfc062723c751e8b465ee728b)
Start importing Assets/Materials/Интерьер/Сундук/Сундук/Metal_Seamed.jpg using Guid(fc519d8aa684b01488a60f51afc21ace) Importer(815301076,1909f56bfc062723c751e8b465ee728b)  -> (artifact id: '99451809446729a27c42f12e308b3268') in 0.023640 seconds
Number of updated asset objects reloaded before import = 0
Number of asset objects unloaded after import = 2
========================================================================
Received Import Request.
  Time since last request: 0.091707 seconds.
  path: Assets/UnityAssets/_Creepy_Cat/New_terrain/Terrain_A/Occlusion.png
  artifactKey: Guid(bf8f58aa901e74e45a5cace97851746c) Importer(815301076,1909f56bfc062723c751e8b465ee728b)
Start importing Assets/UnityAssets/_Creepy_Cat/New_terrain/Terrain_A/Occlusion.png using Guid(bf8f58aa901e74e45a5cace97851746c) Importer(815301076,1909f56bfc062723c751e8b465ee728b)  -> (artifact id: '8cb94a7c655ef93bb27a95ae96fdb2ca') in 0.042221 seconds
Number of updated asset objects reloaded before import = 0
Number of asset objects unloaded after import = 2
========================================================================
Received Import Request.
  Time since last request: 0.000018 seconds.
  path: Assets/Materials/Иконки крафта/PNG Generator.png
  artifactKey: Guid(6eca4c72d9801fb4e857052c5a0b76ed) Importer(815301076,1909f56bfc062723c751e8b465ee728b)
Start importing Assets/Materials/Иконки крафта/PNG Generator.png using Guid(6eca4c72d9801fb4e857052c5a0b76ed) Importer(815301076,1909f56bfc062723c751e8b465ee728b)  -> (artifact id: 'd0eda6f33f07200e4dfa50a4ffbd5182') in 0.034463 seconds
Number of updated asset objects reloaded before import = 0
Number of asset objects unloaded after import = 2
========================================================================
Received Import Request.
  Time since last request: 0.000028 seconds.
  path: Assets/Materials/Иконки крафта/PNG ULEY.png
  artifactKey: Guid(7b5ff8ac43e58e54db95b746329a3f0d) Importer(815301076,1909f56bfc062723c751e8b465ee728b)
Start importing Assets/Materials/Иконки крафта/PNG ULEY.png using Guid(7b5ff8ac43e58e54db95b746329a3f0d) Importer(815301076,1909f56bfc062723c751e8b465ee728b)  -> (artifact id: '3ddd2bf70c9a10393c886cf4adb1618c') in 0.031251 seconds
Number of updated asset objects reloaded before import = 0
Number of asset objects unloaded after import = 2
========================================================================
Received Import Request.
  Time since last request: 0.000339 seconds.
  path: Assets/UnityAssets/Data/Sci-fi_assets/Sci-Fi Old rusty props PBR/Data/Textures/Props_02/Props_02_Paint_Material _27_AlbedoTransparency.png
  artifactKey: Guid(75db6b20c95a47148bf7926aa43b05d5) Importer(815301076,1909f56bfc062723c751e8b465ee728b)
Start importing Assets/UnityAssets/Data/Sci-fi_assets/Sci-Fi Old rusty props PBR/Data/Textures/Props_02/Props_02_Paint_Material _27_AlbedoTransparency.png using Guid(75db6b20c95a47148bf7926aa43b05d5) Importer(815301076,1909f56bfc062723c751e8b465ee728b)  -> (artifact id: '7452d5132f43c0aade4d5e751e1ff186') in 0.031477 seconds
Number of updated asset objects reloaded before import = 0
Number of asset objects unloaded after import = 2
========================================================================
Received Import Request.
  Time since last request: 0.000022 seconds.
  path: Assets/Enviroment/Textures/Rock/Rock_A_Normal.png
  artifactKey: Guid(f2dd3f755a6316348b20705f8e879668) Importer(815301076,1909f56bfc062723c751e8b465ee728b)
Start importing Assets/Enviroment/Textures/Rock/Rock_A_Normal.png using Guid(f2dd3f755a6316348b20705f8e879668) Importer(815301076,1909f56bfc062723c751e8b465ee728b)  -> (artifact id: '47eccfb0228a550870697377060ee5fa') in 0.198479 seconds
Number of updated asset objects reloaded before import = 0
Number of asset objects unloaded after import = 2
========================================================================
Received Import Request.
  Time since last request: 0.000022 seconds.
  path: Assets/UnityAssets/_Creepy_Cat/_3D Scifi Kit Vol 4/Textures/_Planets/Planet_24.png
  artifactKey: Guid(2d411e2de0d6fb54c80a5dfacea06e7b) Importer(815301076,1909f56bfc062723c751e8b465ee728b)
Start importing Assets/UnityAssets/_Creepy_Cat/_3D Scifi Kit Vol 4/Textures/_Planets/Planet_24.png using Guid(2d411e2de0d6fb54c80a5dfacea06e7b) Importer(815301076,1909f56bfc062723c751e8b465ee728b)  -> (artifact id: '27c1a7bf543b69ae30de1d64369cb298') in 0.076133 seconds
Number of updated asset objects reloaded before import = 0
Number of asset objects unloaded after import = 2
========================================================================
Received Import Request.
  Time since last request: 0.000034 seconds.
  path: Assets/Materials/Иконки крафта/PNG REZAK.png
  artifactKey: Guid(06ec2c98b105e834a8857a0f59d83f42) Importer(815301076,1909f56bfc062723c751e8b465ee728b)
Start importing Assets/Materials/Иконки крафта/PNG REZAK.png using Guid(06ec2c98b105e834a8857a0f59d83f42) Importer(815301076,1909f56bfc062723c751e8b465ee728b)  -> (artifact id: 'a81ffb2b99bf77be78091274692b66d1') in 0.041446 seconds
Number of updated asset objects reloaded before import = 0
Number of asset objects unloaded after import = 2
========================================================================
Received Import Request.
  Time since last request: 0.000019 seconds.
  path: Assets/Materials/Иконки крафта/PNG SUNDUK.png
  artifactKey: Guid(d463227dcdf57dd4f9da9bad7517c639) Importer(815301076,1909f56bfc062723c751e8b465ee728b)
Start importing Assets/Materials/Иконки крафта/PNG SUNDUK.png using Guid(d463227dcdf57dd4f9da9bad7517c639) Importer(815301076,1909f56bfc062723c751e8b465ee728b)  -> (artifact id: '7cc785a45351ff8eb535479846808d7e') in 0.046160 seconds
Number of updated asset objects reloaded before import = 0
Number of asset objects unloaded after import = 2
========================================================================
Received Import Request.
  Time since last request: 0.000135 seconds.
  path: Assets/UnityAssets/_Creepy_Cat/_3D Scifi Kit Vol 4/Textures/_Rock/Rock_Ao_01.png
  artifactKey: Guid(5f472befb2d7664448d26fe643da8690) Importer(815301076,1909f56bfc062723c751e8b465ee728b)
Start importing Assets/UnityAssets/_Creepy_Cat/_3D Scifi Kit Vol 4/Textures/_Rock/Rock_Ao_01.png using Guid(5f472befb2d7664448d26fe643da8690) Importer(815301076,1909f56bfc062723c751e8b465ee728b)  -> (artifact id: '41df5f4a2e765c38fe7551304ebcbb86') in 0.056121 seconds
Number of updated asset objects reloaded before import = 0
Number of asset objects unloaded after import = 2
========================================================================
Received Import Request.
  Time since last request: 0.000017 seconds.
  path: Assets/UnityAssets/Honeti/FlatScifiGUI/Textures/Buttons/RadioBg.png
  artifactKey: Guid(1d78fd41e76ca66458be8a42e0da870a) Importer(815301076,1909f56bfc062723c751e8b465ee728b)
Start importing Assets/UnityAssets/Honeti/FlatScifiGUI/Textures/Buttons/RadioBg.png using Guid(1d78fd41e76ca66458be8a42e0da870a) Importer(815301076,1909f56bfc062723c751e8b465ee728b)  -> (artifact id: '5f9eae1027c09f766c61f7eff503d438') in 0.055779 seconds
Number of updated asset objects reloaded before import = 0
Number of asset objects unloaded after import = 3
========================================================================
Received Import Request.
  Time since last request: 0.000021 seconds.
  path: Assets/TextMesh Pro/Examples & Extras/Resources/Fonts & Materials/Roboto-Bold SDF.asset
  artifactKey: Guid(5302535af1044152a457ed104f1f4b91) Importer(815301076,1909f56bfc062723c751e8b465ee728b)
Start importing Assets/TextMesh Pro/Examples & Extras/Resources/Fonts & Materials/Roboto-Bold SDF.asset using Guid(5302535af1044152a457ed104f1f4b91) Importer(815301076,1909f56bfc062723c751e8b465ee728b)  -> (artifact id: '3efcea6c6fe24ceff5eff1761b714996') in 0.086145 seconds
Number of updated asset objects reloaded before import = 0
Number of asset objects unloaded after import = 6
========================================================================
Received Import Request.
  Time since last request: 0.000032 seconds.
  path: Assets/UnityAssets/_Creepy_Cat/_3D Scifi Kit Vol 4/Textures/_Rock/Rock_Diffuse_01.png
  artifactKey: Guid(3fee2482089a79b4e88637003d44c274) Importer(815301076,1909f56bfc062723c751e8b465ee728b)
Start importing Assets/UnityAssets/_Creepy_Cat/_3D Scifi Kit Vol 4/Textures/_Rock/Rock_Diffuse_01.png using Guid(3fee2482089a79b4e88637003d44c274) Importer(815301076,1909f56bfc062723c751e8b465ee728b)  -> (artifact id: '1f1c9525edf6d13ca104335391bbe68e') in 0.097421 seconds
Number of updated asset objects reloaded before import = 0
Number of asset objects unloaded after import = 2
========================================================================
Received Import Request.
  Time since last request: 0.000019 seconds.
  path: Assets/UnityAssets/Data/Sci-fi_assets/Sci-Fi Old rusty props PBR/Data/Textures/Props_02/Props_02_Paint_Material _27_MetallicSmoothness.png
  artifactKey: Guid(c01b4c0d68dd28f4a83c57bc8e0e021a) Importer(815301076,1909f56bfc062723c751e8b465ee728b)
Start importing Assets/UnityAssets/Data/Sci-fi_assets/Sci-Fi Old rusty props PBR/Data/Textures/Props_02/Props_02_Paint_Material _27_MetallicSmoothness.png using Guid(c01b4c0d68dd28f4a83c57bc8e0e021a) Importer(815301076,1909f56bfc062723c751e8b465ee728b)  -> (artifact id: 'f978aca488317a0db844879384fa733f') in 0.032604 seconds
Number of updated asset objects reloaded before import = 0
Number of asset objects unloaded after import = 2
========================================================================
Received Import Request.
  Time since last request: 0.000020 seconds.
  path: Assets/UnityAssets/Honeti/FlatScifiGUI/Textures/Buttons/RadioOn.png
  artifactKey: Guid(39854e522dbe0694a9a63141eda51623) Importer(815301076,1909f56bfc062723c751e8b465ee728b)
Start importing Assets/UnityAssets/Honeti/FlatScifiGUI/Textures/Buttons/RadioOn.png using Guid(39854e522dbe0694a9a63141eda51623) Importer(815301076,1909f56bfc062723c751e8b465ee728b)  -> (artifact id: 'a4fe78c2f587f4041e5aab0b2efdb030') in 0.025910 seconds
Number of updated asset objects reloaded before import = 0
Number of asset objects unloaded after import = 3
========================================================================
Received Import Request.
  Time since last request: 1.235570 seconds.
  path: Assets/UnityAssets/ScifiOfficeLite/Meshes/Textures/Environment/Table texture set/Table Props/shelf_1001_Normal.png
  artifactKey: Guid(3958571e77c7aea4e94951d5ae88a571) Importer(815301076,1909f56bfc062723c751e8b465ee728b)
Start importing Assets/UnityAssets/ScifiOfficeLite/Meshes/Textures/Environment/Table texture set/Table Props/shelf_1001_Normal.png using Guid(3958571e77c7aea4e94951d5ae88a571) Importer(815301076,1909f56bfc062723c751e8b465ee728b)  -> (artifact id: 'd1971b4b1ebc3d501c60c9240fa6a9be') in 0.038994 seconds
Number of updated asset objects reloaded before import = 0
Number of asset objects unloaded after import = 2
========================================================================
Received Import Request.
  Time since last request: 0.000024 seconds.
  path: Assets/Materials/Детали космического корабля/1/1 деталь/Steel_Brushed_Stainless.jpg
  artifactKey: Guid(54ecdb1a292daf244b238ec3311a7108) Importer(815301076,1909f56bfc062723c751e8b465ee728b)
Start importing Assets/Materials/Детали космического корабля/1/1 деталь/Steel_Brushed_Stainless.jpg using Guid(54ecdb1a292daf244b238ec3311a7108) Importer(815301076,1909f56bfc062723c751e8b465ee728b)  -> (artifact id: 'e8b0825b815eaa817e7b980b030996d5') in 0.018878 seconds
Number of updated asset objects reloaded before import = 0
Number of asset objects unloaded after import = 2
========================================================================
Received Import Request.
  Time since last request: 0.000030 seconds.
  path: Assets/UnityAssets/Honeti/FlatScifiGUI/Textures/Panels/SlantedBarBigLeft.png
  artifactKey: Guid(502df51d3cfbdb041911b1a4fa2e76e8) Importer(815301076,1909f56bfc062723c751e8b465ee728b)
Start importing Assets/UnityAssets/Honeti/FlatScifiGUI/Textures/Panels/SlantedBarBigLeft.png using Guid(502df51d3cfbdb041911b1a4fa2e76e8) Importer(815301076,1909f56bfc062723c751e8b465ee728b)  -> (artifact id: 'c38cafb7cf88e88e6547471b1df88057') in 0.025572 seconds
Number of updated asset objects reloaded before import = 0
Number of asset objects unloaded after import = 3
========================================================================
Received Import Request.
  Time since last request: 0.000019 seconds.
  path: Assets/UnityAssets/Honeti/FlatScifiGUI/Textures/Panels/SlantedBarSmall.png
  artifactKey: Guid(e139be5aca44bd04d9cc9eeca6609fa9) Importer(815301076,1909f56bfc062723c751e8b465ee728b)
Start importing Assets/UnityAssets/Honeti/FlatScifiGUI/Textures/Panels/SlantedBarSmall.png using Guid(e139be5aca44bd04d9cc9eeca6609fa9) Importer(815301076,1909f56bfc062723c751e8b465ee728b)  -> (artifact id: '49259799202e5792e56cc87539a7ca6a') in 0.025117 seconds
Number of updated asset objects reloaded before import = 0
Number of asset objects unloaded after import = 3
========================================================================
Received Import Request.
  Time since last request: 0.009529 seconds.
  path: Assets/UnityAssets/Vefects/Free Fire VFX/Textures/T_VFX_Directional_Dust_01.tga
  artifactKey: Guid(52a074a757c62bc448f9ef266ee7db81) Importer(815301076,1909f56bfc062723c751e8b465ee728b)
Start importing Assets/UnityAssets/Vefects/Free Fire VFX/Textures/T_VFX_Directional_Dust_01.tga using Guid(52a074a757c62bc448f9ef266ee7db81) Importer(815301076,1909f56bfc062723c751e8b465ee728b)  -> (artifact id: '852e0835dd133c32d6fa9f430d7c8a84') in 0.018714 seconds
Number of updated asset objects reloaded before import = 0
Number of asset objects unloaded after import = 2
========================================================================
Received Import Request.
  Time since last request: 0.000017 seconds.
  path: Assets/UnityAssets/ScifiOfficeLite/Meshes/Textures/Environment/Table texture set/Table Set Glass/Table Glass_Diffuse+Alpha.png
  artifactKey: Guid(bb1096c4f5ab2984ca76d7c49edb3479) Importer(815301076,1909f56bfc062723c751e8b465ee728b)
Start importing Assets/UnityAssets/ScifiOfficeLite/Meshes/Textures/Environment/Table texture set/Table Set Glass/Table Glass_Diffuse+Alpha.png using Guid(bb1096c4f5ab2984ca76d7c49edb3479) Importer(815301076,1909f56bfc062723c751e8b465ee728b)  -> (artifact id: 'c383c1c06d33d8efa72374a855287913') in 0.025567 seconds
Number of updated asset objects reloaded before import = 0
Number of asset objects unloaded after import = 2
========================================================================
Received Import Request.
  Time since last request: 0.000015 seconds.
  path: Assets/UnityAssets/ScifiOfficeLite/Meshes/Textures/Environment/Table texture set/Table Texture set 2/Table texture set 2_Maskmap.png
  artifactKey: Guid(560a2318e8a19f449886580fc75cf796) Importer(815301076,1909f56bfc062723c751e8b465ee728b)
Start importing Assets/UnityAssets/ScifiOfficeLite/Meshes/Textures/Environment/Table texture set/Table Texture set 2/Table texture set 2_Maskmap.png using Guid(560a2318e8a19f449886580fc75cf796) Importer(815301076,1909f56bfc062723c751e8b465ee728b)  -> (artifact id: '86fa77e705b6f1421d0d01e65fc860b3') in 0.033904 seconds
Number of updated asset objects reloaded before import = 0
Number of asset objects unloaded after import = 2
========================================================================
Received Import Request.
  Time since last request: 0.000017 seconds.
  path: Assets/UnityAssets/ScifiOfficeLite/Meshes/Textures/Environment/Table texture set/Table Texture set 2/Table texture set 2_Diffuse.png
  artifactKey: Guid(f718bbb7b16005043be808980df73dc6) Importer(815301076,1909f56bfc062723c751e8b465ee728b)
Start importing Assets/UnityAssets/ScifiOfficeLite/Meshes/Textures/Environment/Table texture set/Table Texture set 2/Table texture set 2_Diffuse.png using Guid(f718bbb7b16005043be808980df73dc6) Importer(815301076,1909f56bfc062723c751e8b465ee728b)  -> (artifact id: '347ce9aa1c7a3cd2e29f3c5c8de52022') in 0.026887 seconds
Number of updated asset objects reloaded before import = 0
Number of asset objects unloaded after import = 2
========================================================================
Received Import Request.
  Time since last request: 0.000017 seconds.
  path: Assets/UnityAssets/ScifiOfficeLite/Meshes/Textures/Environment/Table texture set/Table Texture Set 4/Table texture set 4_Normal.png
  artifactKey: Guid(c027d43eb0d92f74789368a43676fec4) Importer(815301076,1909f56bfc062723c751e8b465ee728b)
Start importing Assets/UnityAssets/ScifiOfficeLite/Meshes/Textures/Environment/Table texture set/Table Texture Set 4/Table texture set 4_Normal.png using Guid(c027d43eb0d92f74789368a43676fec4) Importer(815301076,1909f56bfc062723c751e8b465ee728b)  -> (artifact id: '8de91f0da9538ed8b0f462f6989b9a65') in 0.030213 seconds
Number of updated asset objects reloaded before import = 0
Number of asset objects unloaded after import = 2
========================================================================
Received Import Request.
  Time since last request: 0.000015 seconds.
  path: Assets/UnityAssets/ScifiOfficeLite/Meshes/Textures/Environment/Table texture set/Table Texture set 2/Table texture set 2_Height.png
  artifactKey: Guid(f7c242854ebf7c64eb05b62168009c02) Importer(815301076,1909f56bfc062723c751e8b465ee728b)
Start importing Assets/UnityAssets/ScifiOfficeLite/Meshes/Textures/Environment/Table texture set/Table Texture set 2/Table texture set 2_Height.png using Guid(f7c242854ebf7c64eb05b62168009c02) Importer(815301076,1909f56bfc062723c751e8b465ee728b)  -> (artifact id: 'b3c88e5f2011369a092cdad2dcce661f') in 0.022625 seconds
Number of updated asset objects reloaded before import = 0
Number of asset objects unloaded after import = 2
========================================================================
Received Import Request.
  Time since last request: 0.000026 seconds.
  path: Assets/UnityAssets/ScifiOfficeLite/Meshes/Textures/Environment/Table texture set/Table Texture Set 5/Table texture set 5_Diffuse.png
  artifactKey: Guid(cdee4335cb3be3c4a8bf68e818113628) Importer(815301076,1909f56bfc062723c751e8b465ee728b)
Start importing Assets/UnityAssets/ScifiOfficeLite/Meshes/Textures/Environment/Table texture set/Table Texture Set 5/Table texture set 5_Diffuse.png using Guid(cdee4335cb3be3c4a8bf68e818113628) Importer(815301076,1909f56bfc062723c751e8b465ee728b)  -> (artifact id: '796b474f7e7cadeb63ed06bf90780727') in 0.020397 seconds
Number of updated asset objects reloaded before import = 0
Number of asset objects unloaded after import = 2
========================================================================
Received Import Request.
  Time since last request: 0.000031 seconds.
  path: Assets/UnityAssets/Vefects/Free Fire VFX/Textures/T_VFX_Noise_01.tga
  artifactKey: Guid(78f9606de07f24a4f9ff540cc0087f36) Importer(815301076,1909f56bfc062723c751e8b465ee728b)
Start importing Assets/UnityAssets/Vefects/Free Fire VFX/Textures/T_VFX_Noise_01.tga using Guid(78f9606de07f24a4f9ff540cc0087f36) Importer(815301076,1909f56bfc062723c751e8b465ee728b)  -> (artifact id: '2c2f91bb41f6ee1c80389712861f500b') in 0.021740 seconds
Number of updated asset objects reloaded before import = 0
Number of asset objects unloaded after import = 2
========================================================================
Received Import Request.
  Time since last request: 0.000016 seconds.
  path: Assets/UnityAssets/ScifiOfficeLite/Meshes/Textures/Environment/Table texture set/Table Texture set 1/Table texture set 1_Normal.png
  artifactKey: Guid(2ecdc09e7c348e640a2c1b78607e4995) Importer(815301076,1909f56bfc062723c751e8b465ee728b)
Start importing Assets/UnityAssets/ScifiOfficeLite/Meshes/Textures/Environment/Table texture set/Table Texture set 1/Table texture set 1_Normal.png using Guid(2ecdc09e7c348e640a2c1b78607e4995) Importer(815301076,1909f56bfc062723c751e8b465ee728b)  -> (artifact id: '4d910f102ea2e44505495562b82f62be') in 0.030375 seconds
Number of updated asset objects reloaded before import = 0
Number of asset objects unloaded after import = 2
========================================================================
Received Import Request.
  Time since last request: 0.198452 seconds.
  path: Assets/UnityAssets/ScifiOfficeLite/Meshes/Textures/Environment/Techware/Techware_Height.png
  artifactKey: Guid(975e257f44c497d479c69e023fbb5c13) Importer(815301076,1909f56bfc062723c751e8b465ee728b)
Start importing Assets/UnityAssets/ScifiOfficeLite/Meshes/Textures/Environment/Techware/Techware_Height.png using Guid(975e257f44c497d479c69e023fbb5c13) Importer(815301076,1909f56bfc062723c751e8b465ee728b)  -> (artifact id: '36e2ccc2539306962e5c3feb67c19be4') in 0.026297 seconds
Number of updated asset objects reloaded before import = 0
Number of asset objects unloaded after import = 2
========================================================================
Received Import Request.
  Time since last request: 0.000020 seconds.
  path: Assets/Materials/пчел ты/tex_u0_v0_normal.jpg
  artifactKey: Guid(b6f22b60f8bc9414daaef280b4f10b37) Importer(815301076,1909f56bfc062723c751e8b465ee728b)
Start importing Assets/Materials/пчел ты/tex_u0_v0_normal.jpg using Guid(b6f22b60f8bc9414daaef280b4f10b37) Importer(815301076,1909f56bfc062723c751e8b465ee728b)  -> (artifact id: 'd90f423655129d919abec56b1ce7d3da') in 0.031792 seconds
Number of updated asset objects reloaded before import = 0
Number of asset objects unloaded after import = 2
========================================================================
Received Import Request.
  Time since last request: 0.898297 seconds.
  path: Assets/Materials/textures/1 деталь/Tile_Veriegated_Stone.jpg
  artifactKey: Guid(5bcdf011d6ccb4d47879c1555f5f6eb7) Importer(815301076,1909f56bfc062723c751e8b465ee728b)
Start importing Assets/Materials/textures/1 деталь/Tile_Veriegated_Stone.jpg using Guid(5bcdf011d6ccb4d47879c1555f5f6eb7) Importer(815301076,1909f56bfc062723c751e8b465ee728b)  -> (artifact id: '87abe9bca5846cbe8b1958c79fc9e816') in 0.020871 seconds
Number of updated asset objects reloaded before import = 0
Number of asset objects unloaded after import = 2
========================================================================
Received Import Request.
  Time since last request: 0.000017 seconds.
  path: Assets/UnityAssets/Honeti/FlatScifiGUI/Textures/Panels/TitleBarMedium.png
  artifactKey: Guid(5dcbc517cff0802408e0de10fcf9fb6b) Importer(815301076,1909f56bfc062723c751e8b465ee728b)
Start importing Assets/UnityAssets/Honeti/FlatScifiGUI/Textures/Panels/TitleBarMedium.png using Guid(5dcbc517cff0802408e0de10fcf9fb6b) Importer(815301076,1909f56bfc062723c751e8b465ee728b)  -> (artifact id: '5cfebff2234ee9fe5a81cf705c430a93') in 0.026936 seconds
Number of updated asset objects reloaded before import = 0
Number of asset objects unloaded after import = 3
========================================================================
Received Import Request.
  Time since last request: 0.000026 seconds.
  path: Assets/UnityAssets/Data/Sci-fi_assets/Sci-Fi Old rusty props PBR/Data/Textures/Floor/Tutor_floor_Paint_Material _27_AlbedoTransparency.png
  artifactKey: Guid(1cda9240f71ee9542abe285c609f7183) Importer(815301076,1909f56bfc062723c751e8b465ee728b)
Start importing Assets/UnityAssets/Data/Sci-fi_assets/Sci-Fi Old rusty props PBR/Data/Textures/Floor/Tutor_floor_Paint_Material _27_AlbedoTransparency.png using Guid(1cda9240f71ee9542abe285c609f7183) Importer(815301076,1909f56bfc062723c751e8b465ee728b)  -> (artifact id: 'c801cd00d2ac87073cb921303cb5ef77') in 0.037496 seconds
Number of updated asset objects reloaded before import = 0
Number of asset objects unloaded after import = 2
========================================================================
Received Import Request.
  Time since last request: 0.000020 seconds.
  path: Assets/UnityAssets/ScifiOfficeLite/Meshes/Textures/Environment/Table texture set/Table Props/tray_1001_Normal.png
  artifactKey: Guid(0bdf20db475ca944b8ad8382e82a02f5) Importer(815301076,1909f56bfc062723c751e8b465ee728b)
Start importing Assets/UnityAssets/ScifiOfficeLite/Meshes/Textures/Environment/Table texture set/Table Props/tray_1001_Normal.png using Guid(0bdf20db475ca944b8ad8382e82a02f5) Importer(815301076,1909f56bfc062723c751e8b465ee728b)  -> (artifact id: '3444d2ae18a90dacbd44545b533134e1') in 0.019325 seconds
Number of updated asset objects reloaded before import = 0
Number of asset objects unloaded after import = 2
========================================================================
Received Import Request.
  Time since last request: 0.000020 seconds.
  path: Assets/UnityAssets/ScifiOfficeLite/Meshes/Textures/Environment/Table texture set/Table Props/tray_1001_AlbedoTransparency.png
  artifactKey: Guid(80f270783be6d7f48b3b83955102e13f) Importer(815301076,1909f56bfc062723c751e8b465ee728b)
Start importing Assets/UnityAssets/ScifiOfficeLite/Meshes/Textures/Environment/Table texture set/Table Props/tray_1001_AlbedoTransparency.png using Guid(80f270783be6d7f48b3b83955102e13f) Importer(815301076,1909f56bfc062723c751e8b465ee728b)  -> (artifact id: '5f6ebea5e5fa3186d1a7ec8de59498b5') in 0.031248 seconds
Number of updated asset objects reloaded before import = 0
Number of asset objects unloaded after import = 2
========================================================================
Received Import Request.
  Time since last request: 25.432551 seconds.
  path: Assets/UnityAssets/ScifiOfficeLite/Meshes/Textures/Environment/Table texture set/Vase/vase AO.png
  artifactKey: Guid(b47ee4480a534f749a3f3fea32199509) Importer(815301076,1909f56bfc062723c751e8b465ee728b)
Start importing Assets/UnityAssets/ScifiOfficeLite/Meshes/Textures/Environment/Table texture set/Vase/vase AO.png using Guid(b47ee4480a534f749a3f3fea32199509) Importer(815301076,1909f56bfc062723c751e8b465ee728b)  -> (artifact id: '5d289760e88ae59985300498b1b042c4') in 0.024975 seconds
Number of updated asset objects reloaded before import = 0
Number of asset objects unloaded after import = 2
========================================================================
Received Import Request.
  Time since last request: 0.000018 seconds.
  path: Assets/UnityAssets/_Creepy_Cat/_3D Scifi Kit Vol 4/Textures/_Gui/Visor_HUD_01.psd
  artifactKey: Guid(7021ae80ac715054fa75425b354b2b26) Importer(815301076,1909f56bfc062723c751e8b465ee728b)
Start importing Assets/UnityAssets/_Creepy_Cat/_3D Scifi Kit Vol 4/Textures/_Gui/Visor_HUD_01.psd using Guid(7021ae80ac715054fa75425b354b2b26) Importer(815301076,1909f56bfc062723c751e8b465ee728b)  -> (artifact id: '8bddbe2d99a8d3abfbd8180f3dc4f4cc') in 0.044817 seconds
Number of updated asset objects reloaded before import = 0
Number of asset objects unloaded after import = 2
========================================================================
Received Import Request.
  Time since last request: 0.000022 seconds.
  path: Assets/UnityAssets/ScifiOfficeLite/Meshes/Textures/Environment/Wall texture/Wall set 2/Wall_Multiset_2_Height.png
  artifactKey: Guid(c0d0176d5e5f5644ea2401ed724ef8c9) Importer(815301076,1909f56bfc062723c751e8b465ee728b)
Start importing Assets/UnityAssets/ScifiOfficeLite/Meshes/Textures/Environment/Wall texture/Wall set 2/Wall_Multiset_2_Height.png using Guid(c0d0176d5e5f5644ea2401ed724ef8c9) Importer(815301076,1909f56bfc062723c751e8b465ee728b)  -> (artifact id: '5bfab419201cb60a6b60b5f3d406fd51') in 0.046990 seconds
Number of updated asset objects reloaded before import = 0
Number of asset objects unloaded after import = 2
========================================================================
Received Import Request.
  Time since last request: 0.000454 seconds.
  path: Assets/UnityAssets/ScifiOfficeLite/Meshes/Textures/Environment/Table texture set/Vase/vase_grey_MetallicSmoothness.png
  artifactKey: Guid(df0c825182ab08a43af8a73b9269d7f0) Importer(815301076,1909f56bfc062723c751e8b465ee728b)
Start importing Assets/UnityAssets/ScifiOfficeLite/Meshes/Textures/Environment/Table texture set/Vase/vase_grey_MetallicSmoothness.png using Guid(df0c825182ab08a43af8a73b9269d7f0) Importer(815301076,1909f56bfc062723c751e8b465ee728b)  -> (artifact id: 'ec51be694c839ca183265e96cda9dbc2') in 0.009061 seconds
Number of updated asset objects reloaded before import = 0
Number of asset objects unloaded after import = 2
========================================================================
Received Import Request.
  Time since last request: 0.000025 seconds.
  path: Assets/UnityAssets/_Creepy_Cat/_3D Scifi Kit Vol 4/Textures/Wall_Atlas_01_Metal.tif
  artifactKey: Guid(ce0b4b5c8b466534f81b04b9b8a97bad) Importer(815301076,1909f56bfc062723c751e8b465ee728b)
Start importing Assets/UnityAssets/_Creepy_Cat/_3D Scifi Kit Vol 4/Textures/Wall_Atlas_01_Metal.tif using Guid(ce0b4b5c8b466534f81b04b9b8a97bad) Importer(815301076,1909f56bfc062723c751e8b465ee728b)  -> (artifact id: 'f67a934973630def3a664e32e8701a66') in 0.444323 seconds
Number of updated asset objects reloaded before import = 0
Number of asset objects unloaded after import = 2
========================================================================
Received Import Request.
  Time since last request: 0.000056 seconds.
  path: Assets/UnityAssets/_Creepy_Cat/_3D Scifi Kit Vol 4/Textures/Wall_Atlas_01_Ao.png
  artifactKey: Guid(2ed4444ba81ad674784abaa1473d04d1) Importer(815301076,1909f56bfc062723c751e8b465ee728b)
Start importing Assets/UnityAssets/_Creepy_Cat/_3D Scifi Kit Vol 4/Textures/Wall_Atlas_01_Ao.png using Guid(2ed4444ba81ad674784abaa1473d04d1) Importer(815301076,1909f56bfc062723c751e8b465ee728b)  -> (artifact id: 'b65f3818503d401eb92bc5f3ae32d402') in 0.046497 seconds
Number of updated asset objects reloaded before import = 0
Number of asset objects unloaded after import = 2
========================================================================
Received Import Request.
  Time since last request: 0.000039 seconds.
  path: Assets/UnityAssets/ScifiOfficeLite/Meshes/Textures/Environment/Table texture set/Vase/vase_grey_Normal.png
  artifactKey: Guid(fa0e2995fd47bf546b101657db6732a2) Importer(815301076,1909f56bfc062723c751e8b465ee728b)
Start importing Assets/UnityAssets/ScifiOfficeLite/Meshes/Textures/Environment/Table texture set/Vase/vase_grey_Normal.png using Guid(fa0e2995fd47bf546b101657db6732a2) Importer(815301076,1909f56bfc062723c751e8b465ee728b)  -> (artifact id: '694f76d07de8135409117c34595ee0eb') in 0.035946 seconds
Number of updated asset objects reloaded before import = 0
Number of asset objects unloaded after import = 2
========================================================================
Received Import Request.
  Time since last request: 0.000058 seconds.
  path: Assets/UnityAssets/ScifiOfficeLite/Meshes/Textures/Environment/Wall texture/Wall set 2/Wall_Multiset_2_Diffuse.png
  artifactKey: Guid(52c98303f7a1fa14daca834c0f082fdd) Importer(815301076,1909f56bfc062723c751e8b465ee728b)
Start importing Assets/UnityAssets/ScifiOfficeLite/Meshes/Textures/Environment/Wall texture/Wall set 2/Wall_Multiset_2_Diffuse.png using Guid(52c98303f7a1fa14daca834c0f082fdd) Importer(815301076,1909f56bfc062723c751e8b465ee728b)  -> (artifact id: 'a582b107d914d12a0dbd7c4aa12e8145') in 0.053750 seconds
Number of updated asset objects reloaded before import = 0
Number of asset objects unloaded after import = 2
Editor requested this worker to shutdown with reason: Scaling down because of idle timeout
TcpMessagingSession - receive error: operation aborted. errorcode: 995, details: �������� �����/������ ���� �������� ��-�� ���������� ������ ������ ��� �� ������� ����������.
AssetImportWorker is now disconnected from the server
Process exiting
Exiting without the bug reporter. Application will terminate with return code 0